diseaseId,targetId,score
EFO_0000181,ENSG00000141510,0.7000000000000001
EFO_0000209,ENSG00000196092,0.32
EFO_0000222,ENSG00000245848,0.32
EFO_0000239,ENSG00000117118,0.17
EFO_0000239,ENSG00000125952,0.02
EFO_0000239,ENSG00000143252,0.02
EFO_0000239,ENSG00000204370,0.92
EFO_0000253,ENSG00000003393,0.9
EFO_0000253,ENSG00000015479,0.02
EFO_0000253,ENSG00000083937,0.32
EFO_0000253,ENSG00000089280,0.17
EFO_0000253,ENSG00000107290,0.32
EFO_0000253,ENSG00000120948,0.32
EFO_0000253,ENSG00000124164,0.32
EFO_0000253,ENSG00000142168,0.9
EFO_0000253,ENSG00000204843,0.17
EFO_0000253,ENSG00000214274,0.32
EFO_0000253,ENSG00000280987,0.32
EFO_0000279,ENSG00000066923,0.72
EFO_0000279,ENSG00000133863,0.32
EFO_0000305,ENSG00000012048,0.0
EFO_0000305,ENSG00000054523,0.0
EFO_0000305,ENSG00000095002,0.3
EFO_0000305,ENSG00000104320,0.3
EFO_0000305,ENSG00000118046,0.0
EFO_0000305,ENSG00000122512,0.3
EFO_0000305,ENSG00000139618,0.15
EFO_0000305,ENSG00000141510,0.0
EFO_0000305,ENSG00000158169,0.3
EFO_0000318,ENSG00000057294,0.02
EFO_0000318,ENSG00000092054,0.02
EFO_0000318,ENSG00000096696,0.32
EFO_0000318,ENSG00000101306,0.02
EFO_0000318,ENSG00000106617,0.32
EFO_0000318,ENSG00000111245,0.32
EFO_0000318,ENSG00000112769,0.17
EFO_0000318,ENSG00000118194,0.33499999999999996
EFO_0000318,ENSG00000118271,0.02
EFO_0000318,ENSG00000118729,0.32
EFO_0000318,ENSG00000122367,0.17
EFO_0000318,ENSG00000129170,0.32
EFO_0000318,ENSG00000129991,0.02
EFO_0000318,ENSG00000134571,0.02
EFO_0000318,ENSG00000134755,0.32
EFO_0000318,ENSG00000140416,0.02
EFO_0000318,ENSG00000149596,0.02
EFO_0000318,ENSG00000155657,0.32
EFO_0000318,ENSG00000159251,0.02
EFO_0000318,ENSG00000160789,0.32
EFO_0000318,ENSG00000198626,0.02
EFO_0000318,ENSG00000203867,0.92
EFO_0000365,ENSG00000116062,0.9
EFO_0000365,ENSG00000134982,0.9
EFO_0000384,ENSG00000167207,0.32
EFO_0000389,ENSG00000135446,0.32
EFO_0000389,ENSG00000147889,0.32
EFO_0000389,ENSG00000198211,0.17
EFO_0000389,ENSG00000258839,0.32
EFO_0000407,ENSG00000035403,0.32
EFO_0000407,ENSG00000046604,0.3
EFO_0000407,ENSG00000077522,0.32
EFO_0000407,ENSG00000078114,0.17
EFO_0000407,ENSG00000092054,0.75
EFO_0000407,ENSG00000096696,0.72
EFO_0000407,ENSG00000101605,0.3
EFO_0000407,ENSG00000111245,0.32
EFO_0000407,ENSG00000112769,0.02
EFO_0000407,ENSG00000122367,0.9
EFO_0000407,ENSG00000129170,0.02
EFO_0000407,ENSG00000140416,0.32
EFO_0000407,ENSG00000142611,0.9
EFO_0000407,ENSG00000149575,0.32
EFO_0000407,ENSG00000151929,0.32
EFO_0000407,ENSG00000155657,0.32
EFO_0000407,ENSG00000162614,0.02
EFO_0000407,ENSG00000173991,0.72
EFO_0000407,ENSG00000183873,0.45
EFO_0000407,ENSG00000198523,0.31
EFO_0000407,ENSG00000198947,0.02
EFO_0000407,ENSG00000203867,0.32
EFO_0000474,ENSG00000007541,0.17
EFO_0000474,ENSG00000132932,0.3
EFO_0000479,ENSG00000117400,0.02
EFO_0000508,ENSG00000001626,0.32
EFO_0000508,ENSG00000077721,0.92
EFO_0000508,ENSG00000080503,0.92
EFO_0000508,ENSG00000091704,0.17
EFO_0000508,ENSG00000102100,0.32
EFO_0000508,ENSG00000108510,0.92
EFO_0000508,ENSG00000108883,0.92
EFO_0000508,ENSG00000116062,0.32
EFO_0000508,ENSG00000116539,0.32
EFO_0000508,ENSG00000117139,0.32
EFO_0000508,ENSG00000118058,0.92
EFO_0000508,ENSG00000135111,0.72
EFO_0000508,ENSG00000142599,0.32
EFO_0000508,ENSG00000155657,0.32
EFO_0000508,ENSG00000165671,0.92
EFO_0000508,ENSG00000167552,0.92
EFO_0000508,ENSG00000167632,0.92
EFO_0000508,ENSG00000169031,0.92
EFO_0000508,ENSG00000171316,0.32
EFO_0000508,ENSG00000177565,0.72
EFO_0000508,ENSG00000179950,0.92
EFO_0000508,ENSG00000180176,0.92
EFO_0000508,ENSG00000185760,0.32
EFO_0000508,ENSG00000198691,0.92
EFO_0000508,ENSG00000204983,0.02
EFO_0000508,ENSG00000251322,0.32
EFO_0000508,ENSG00000272333,0.92
EFO_0000538,ENSG00000092054,0.32
EFO_0000538,ENSG00000101605,0.32
EFO_0000538,ENSG00000128591,0.32
EFO_0000538,ENSG00000129991,0.32
EFO_0000538,ENSG00000134571,0.32
EFO_0000538,ENSG00000136383,0.92
EFO_0000538,ENSG00000140416,0.02
EFO_0000538,ENSG00000149596,0.32
EFO_0000538,ENSG00000155657,0.02
EFO_0000538,ENSG00000160808,0.32
EFO_0000538,ENSG00000162614,0.32
EFO_0000571,ENSG00000141510,0.7000000000000001
EFO_0000621,ENSG00000054523,0.02
EFO_0000621,ENSG00000171094,0.17
EFO_0000649,ENSG00000109861,0.32
EFO_0000676,ENSG00000141527,0.32
EFO_0000681,ENSG00000105976,0.02
EFO_0000685,ENSG00000159339,0.9
EFO_0000729,ENSG00000167207,0.02
EFO_0000768,ENSG00000164362,0.32
EFO_0000773,ENSG00000189056,0.32
EFO_0001059,ENSG00000107554,0.02
EFO_0001059,ENSG00000109501,0.32
EFO_0001059,ENSG00000160285,0.32
EFO_0001059,ENSG00000163820,0.32
EFO_0001059,ENSG00000213139,0.02
EFO_0001063,ENSG00000006611,0.32
EFO_0001063,ENSG00000079335,0.9
EFO_0001063,ENSG00000091010,0.32
EFO_0001063,ENSG00000091536,0.32
EFO_0001063,ENSG00000095397,0.05
EFO_0001063,ENSG00000095777,0.32
EFO_0001063,ENSG00000100106,0.32
EFO_0001063,ENSG00000100473,0.02
EFO_0001063,ENSG00000107736,0.7000000000000001
EFO_0001063,ENSG00000109927,0.32
EFO_0001063,ENSG00000112319,0.32
EFO_0001063,ENSG00000119715,0.32
EFO_0001063,ENSG00000131504,0.02
EFO_0001063,ENSG00000137474,0.32
EFO_0001063,ENSG00000137710,0.32
EFO_0001063,ENSG00000162065,0.32
EFO_0001063,ENSG00000165091,0.17
EFO_0001063,ENSG00000167210,0.32
EFO_0001063,ENSG00000176058,0.9
EFO_0001063,ENSG00000179855,0.02
EFO_0001063,ENSG00000188162,0.9
EFO_0001063,ENSG00000196586,0.02
EFO_0001063,ENSG00000204248,0.32
EFO_0001063,ENSG00000260272,0.32
EFO_0001063,ENSG00000284922,0.32
EFO_0001071,ENSG00000146648,0.32
EFO_0001073,ENSG00000166603,0.32
EFO_0001075,ENSG00000139618,0.9
EFO_0001361,ENSG00000171303,0.32
EFO_0001361,ENSG00000204217,0.9
EFO_0001365,ENSG00000000971,0.32
EFO_0001365,ENSG00000173976,0.32
EFO_0002428,ENSG00000113721,0.92
EFO_0002508,ENSG00000159363,0.05
EFO_0002508,ENSG00000186868,0.32
EFO_0002508,ENSG00000188906,0.35
EFO_0002508,ENSG00000204120,0.05
EFO_0002614,ENSG00000171105,0.9
EFO_0002630,ENSG00000129991,0.92
EFO_0002918,ENSG00000141510,0.9
EFO_0002939,ENSG00000107882,0.02
EFO_0003086,ENSG00000008710,0.92
EFO_0003108,ENSG00000206536,0.3
EFO_0003756,ENSG00000128739,0.32
EFO_0003756,ENSG00000140521,0.17
EFO_0003756,ENSG00000167522,0.02
EFO_0003756,ENSG00000204406,0.92
EFO_0003758,ENSG00000100888,0.32
EFO_0003783,ENSG00000101276,0.9
EFO_0003847,ENSG00000015171,0.32
EFO_0003847,ENSG00000068366,0.72
EFO_0003847,ENSG00000078369,0.92
EFO_0003847,ENSG00000084774,0.32
EFO_0003847,ENSG00000126012,0.72
EFO_0003847,ENSG00000130294,0.32
EFO_0003847,ENSG00000135929,0.3
EFO_0003847,ENSG00000145864,0.32
EFO_0003847,ENSG00000151092,0.7000000000000001
EFO_0003847,ENSG00000152217,0.9
EFO_0003847,ENSG00000157933,0.3
EFO_0003847,ENSG00000160200,0.3
EFO_0003847,ENSG00000165288,0.32
EFO_0003847,ENSG00000168036,0.32
EFO_0003847,ENSG00000170004,0.7000000000000001
EFO_0003847,ENSG00000172915,0.72
EFO_0003847,ENSG00000197102,0.16
EFO_0003847,ENSG00000197283,0.32
EFO_0003847,ENSG00000273079,0.02
EFO_0003867,ENSG00000072778,0.72
EFO_0003869,ENSG00000012048,0.32
EFO_0003869,ENSG00000139618,0.32
EFO_0003893,ENSG00000198727,0.7000000000000001
EFO_0003959,ENSG00000103067,0.3
EFO_0004127,ENSG00000118271,0.5
EFO_0004145,ENSG00000092054,0.17
EFO_0004145,ENSG00000128591,0.32
EFO_0004190,ENSG00000123240,0.02
EFO_0004207,ENSG00000135069,0.3
EFO_0004214,ENSG00000166949,0.92
EFO_0004236,ENSG00000100342,0.9
EFO_0004236,ENSG00000203485,0.32
EFO_0004238,ENSG00000001617,0.32
EFO_0004248,ENSG00000197653,0.3
EFO_0004255,ENSG00000102900,0.9
EFO_0004255,ENSG00000116218,0.9
EFO_0004255,ENSG00000130402,0.3
EFO_0004255,ENSG00000137672,0.3
EFO_0004255,ENSG00000138193,0.3
EFO_0004261,ENSG00000161011,0.17
EFO_0004266,ENSG00000106410,0.02
EFO_0004266,ENSG00000147180,0.02
EFO_0004266,ENSG00000183770,0.9
EFO_0004266,ENSG00000184304,0.32
EFO_0004266,ENSG00000225830,0.32
EFO_0004269,ENSG00000053918,0.37
EFO_0004269,ENSG00000055118,0.32
EFO_0004269,ENSG00000125434,0.02
EFO_0004269,ENSG00000183873,0.17
EFO_0004278,ENSG00000096696,0.3
EFO_0004278,ENSG00000138622,0.32
EFO_0004288,ENSG00000134982,0.3
EFO_0004576,ENSG00000244734,0.32
EFO_0004705,ENSG00000171316,0.92
EFO_0004720,ENSG00000171867,0.32
EFO_0004895,ENSG00000178235,0.32
EFO_0004911,ENSG00000084674,0.32
EFO_0004911,ENSG00000130164,0.32
EFO_0004911,ENSG00000157978,0.02
EFO_0004911,ENSG00000169174,0.32
EFO_0005138,ENSG00000055118,0.9
EFO_0005207,ENSG00000141448,0.02
EFO_0005207,ENSG00000185551,0.02
EFO_0005303,ENSG00000183873,0.32
EFO_0005410,ENSG00000135925,0.52
EFO_0005410,ENSG00000198807,0.02
EFO_0005560,ENSG00000182197,0.92
EFO_0005569,ENSG00000119614,0.02
EFO_0005569,ENSG00000134438,0.17
EFO_0005569,ENSG00000137868,0.9
EFO_0005569,ENSG00000156466,0.32
EFO_0005569,ENSG00000235718,0.02
EFO_0005571,ENSG00000155850,0.32
EFO_0005842,ENSG00000062822,0.185
EFO_0005842,ENSG00000095002,0.9
EFO_0005842,ENSG00000100393,0.02
EFO_0005842,ENSG00000134982,0.3
EFO_0005842,ENSG00000142539,0.02
EFO_0005917,ENSG00000022355,0.32
EFO_0005917,ENSG00000182389,0.32
EFO_0005917,ENSG00000196557,0.02
EFO_0005952,ENSG00000166710,0.7000000000000001
EFO_0006318,ENSG00000076242,0.32
EFO_0006332,ENSG00000105697,0.32
EFO_0006332,ENSG00000106327,0.72
EFO_0006792,ENSG00000145335,0.92
EFO_0006946,ENSG00000144285,0.02
EFO_0007193,ENSG00000021826,0.32
EFO_0007323,ENSG00000125414,0.32
EFO_0007409,ENSG00000036473,0.37
EFO_0008506,ENSG00000133895,0.32
EFO_0009014,ENSG00000162129,0.32
EFO_0009015,ENSG00000126705,0.32
EFO_0009022,ENSG00000179941,0.72
EFO_0009023,ENSG00000181004,0.32
EFO_0009027,ENSG00000122507,0.32
EFO_0009028,ENSG00000116690,0.0
EFO_0009030,ENSG00000185024,0.9
EFO_0009037,ENSG00000134905,0.32
EFO_0009044,ENSG00000187741,0.72
EFO_0009046,ENSG00000221829,0.9
EFO_0009050,ENSG00000198793,0.32
EFO_0009057,ENSG00000015133,0.02
EFO_0009068,ENSG00000100697,0.32
EFO_0009071,ENSG00000081248,0.02
EFO_0009071,ENSG00000196218,0.32
EFO_0009073,ENSG00000151611,0.02
EFO_0009074,ENSG00000139428,0.02
EFO_0009075,ENSG00000164209,0.32
EFO_0009081,ENSG00000172361,0.32
EFO_0009135,ENSG00000118246,0.32
EFO_0009136,ENSG00000156925,0.92
EFO_0009138,ENSG00000196569,0.02
EFO_0009141,ENSG00000066468,0.92
EFO_0009142,ENSG00000122367,0.32
EFO_0009142,ENSG00000128591,0.02
EFO_0009143,ENSG00000196218,0.32
EFO_0009144,ENSG00000106009,0.32
EFO_0009145,ENSG00000130714,0.32
EFO_0009145,ENSG00000214960,0.32
EFO_0009153,ENSG00000103335,0.32
EFO_0009158,ENSG00000163382,0.32
EFO_0009160,ENSG00000117724,0.02
EFO_0009295,ENSG00000093072,0.32
EFO_0009296,ENSG00000132781,0.32
EFO_0009297,ENSG00000184634,0.9
EFO_0009298,ENSG00000006695,0.32
EFO_0009298,ENSG00000118246,0.32
EFO_0009299,ENSG00000072864,0.02
EFO_0009299,ENSG00000106799,0.02
EFO_0009299,ENSG00000130700,0.0
EFO_0009299,ENSG00000133392,0.02
EFO_0009299,ENSG00000163513,0.52
EFO_0009299,ENSG00000166147,0.32
EFO_0009299,ENSG00000166949,0.32
EFO_0009299,ENSG00000168906,0.32
EFO_0009384,ENSG00000115339,0.02
EFO_0009384,ENSG00000133116,0.02
EFO_0009387,ENSG00000010704,0.92
EFO_0009647,ENSG00000145375,0.02
EFO_0009649,ENSG00000183765,0.0
EFO_0009911,ENSG00000076242,0.32
EFO_0009911,ENSG00000095002,0.32
EFO_0009911,ENSG00000116062,0.32
EFO_0009911,ENSG00000119888,0.32
EFO_0009911,ENSG00000122512,0.32
EFO_0010253,ENSG00000100393,0.32
EFO_0010642,ENSG00000160551,0.92
EFO_0010642,ENSG00000168137,0.32
EFO_0010647,ENSG00000168610,0.32
EFO_0010661,ENSG00000198719,0.9
EFO_0010953,ENSG00000116786,0.17
EFO_0010954,ENSG00000147044,0.32
EFO_0010956,ENSG00000157911,0.02
EFO_0011064,ENSG00000198967,0.32
EFO_1000062,ENSG00000115850,0.32
EFO_1000309,ENSG00000196712,0.92
EFO_1000453,ENSG00000073578,0.32
EFO_1000453,ENSG00000117118,0.32
EFO_1000453,ENSG00000143252,0.32
EFO_1000855,ENSG00000196218,0.72
EFO_1000954,ENSG00000139351,0.02
EFO_1001010,ENSG00000183454,0.17
EFO_1001087,ENSG00000134371,0.02
EFO_1001450,ENSG00000134571,0.3
EFO_1001450,ENSG00000183873,0.7000000000000001
EFO_1001450,ENSG00000197616,0.3
EFO_1001467,ENSG00000282278,0.32
EFO_1001496,ENSG00000008710,0.02
EFO_1001496,ENSG00000118762,0.32
EFO_1001499,ENSG00000152457,0.32
EFO_1001499,ENSG00000175097,0.8200000000000001
EFO_1001500,ENSG00000114861,0.72
EFO_1001500,ENSG00000153922,0.9
EFO_1001500,ENSG00000285708,0.7000000000000001
EFO_1001501,ENSG00000258366,0.02
EFO_1001502,ENSG00000108061,0.02
EFO_1001502,ENSG00000115904,0.32
EFO_1001502,ENSG00000132155,0.02
EFO_1001502,ENSG00000157764,0.02
EFO_1001502,ENSG00000179295,0.47000000000000003
EFO_1001502,ENSG00000213281,0.32
EFO_1001513,ENSG00000134982,0.3
EFO_1001979,ENSG00000143178,0.02
EFO_1001980,ENSG00000242110,0.17
EFO_1001986,ENSG00000133392,0.02
HP_0000023,ENSG00000115380,0.92
HP_0000202,ENSG00000102763,0.7000000000000001
HP_0000238,ENSG00000107147,0.32
HP_0000758,ENSG00000172053,0.72
HP_0000800,ENSG00000198707,0.92
HP_0001249,ENSG00000113327,0.0
HP_0001249,ENSG00000136531,0.92
HP_0001249,ENSG00000136861,0.0
HP_0001249,ENSG00000139620,0.0
HP_0001249,ENSG00000151503,0.0
HP_0001249,ENSG00000157540,0.9
HP_0001249,ENSG00000165102,0.3
HP_0001249,ENSG00000173575,0.72
HP_0001249,ENSG00000272333,0.0
HP_0001250,ENSG00000004866,0.7000000000000001
HP_0001250,ENSG00000075043,0.02
HP_0001250,ENSG00000101210,0.02
HP_0001250,ENSG00000120903,0.02
HP_0001250,ENSG00000138760,0.32
HP_0001250,ENSG00000144285,0.3
HP_0001250,ENSG00000174080,0.32
HP_0001250,ENSG00000179364,0.3
HP_0001250,ENSG00000184156,0.9
HP_0001250,ENSG00000198198,0.02
HP_0001252,ENSG00000196569,0.7000000000000001
HP_0001258,ENSG00000072121,0.02
HP_0001258,ENSG00000147100,0.47000000000000003
HP_0001258,ENSG00000151835,0.02
HP_0001258,ENSG00000155256,0.02
HP_0001263,ENSG00000111642,0.32
HP_0001263,ENSG00000128656,0.72
HP_0001263,ENSG00000131504,0.7000000000000001
HP_0001263,ENSG00000133104,0.7000000000000001
HP_0001263,ENSG00000136143,0.32
HP_0001290,ENSG00000115380,0.92
HP_0001321,ENSG00000185973,0.7000000000000001
HP_0001332,ENSG00000131979,0.32
HP_0001332,ENSG00000134343,0.02
HP_0001332,ENSG00000141404,0.02
HP_0001332,ENSG00000149295,0.32
HP_0001332,ENSG00000180176,0.32
HP_0001626,ENSG00000053918,0.02
HP_0001626,ENSG00000077522,0.32
HP_0001626,ENSG00000078114,0.02
HP_0001626,ENSG00000083444,0.02
HP_0001626,ENSG00000092054,0.32
HP_0001626,ENSG00000101605,0.02
HP_0001626,ENSG00000112769,0.32
HP_0001626,ENSG00000118194,0.02
HP_0001626,ENSG00000121361,0.32
HP_0001626,ENSG00000127914,0.32
HP_0001626,ENSG00000130635,0.32
HP_0001626,ENSG00000132155,0.32
HP_0001626,ENSG00000133392,0.02
HP_0001626,ENSG00000134755,0.32
HP_0001626,ENSG00000138347,0.02
HP_0001626,ENSG00000138622,0.02
HP_0001626,ENSG00000148400,0.02
HP_0001626,ENSG00000151067,0.02
HP_0001626,ENSG00000155657,0.02
HP_0001626,ENSG00000157933,0.02
HP_0001626,ENSG00000160200,0.32
HP_0001626,ENSG00000163513,0.02
HP_0001626,ENSG00000164532,0.32
HP_0001626,ENSG00000166147,0.32
HP_0001626,ENSG00000168542,0.32
HP_0001626,ENSG00000175084,0.02
HP_0001626,ENSG00000182533,0.02
HP_0001626,ENSG00000183072,0.02
HP_0001626,ENSG00000183873,0.17
HP_0001626,ENSG00000197616,0.32
HP_0001626,ENSG00000198626,0.32
HP_0001626,ENSG00000198947,0.32
HP_0001626,ENSG00000203867,0.02
HP_0001626,ENSG00000269058,0.02
HP_0001636,ENSG00000101384,0.32
HP_0001657,ENSG00000053918,0.32
HP_0001657,ENSG00000055118,0.02
HP_0001657,ENSG00000101400,0.02
HP_0001657,ENSG00000120457,0.32
HP_0001657,ENSG00000127914,0.32
HP_0001657,ENSG00000145362,0.17
HP_0001657,ENSG00000151067,0.02
HP_0001657,ENSG00000165995,0.32
HP_0001657,ENSG00000171017,0.0
HP_0001657,ENSG00000183873,0.32
HP_0001873,ENSG00000120539,0.32
HP_0001873,ENSG00000236320,0.7000000000000001
HP_0001892,ENSG00000088053,0.32
HP_0001928,ENSG00000110799,0.32
HP_0001999,ENSG00000146197,0.92
HP_0002110,ENSG00000168447,0.32
HP_0002162,ENSG00000161395,0.92
HP_0002315,ENSG00000018625,0.32
HP_0002342,ENSG00000140386,0.7000000000000001
HP_0002373,ENSG00000164199,0.32
HP_0002515,ENSG00000155657,0.72
HP_0002904,ENSG00000167165,0.32
HP_0003150,ENSG00000105379,0.02
HP_0003150,ENSG00000140374,0.02
HP_0003445,ENSG00000095587,0.32
HP_0003789,ENSG00000196218,0.32
HP_0004839,ENSG00000163554,0.02
HP_0004936,ENSG00000101981,0.02
HP_0005532,ENSG00000198899,0.72
HP_0006610,ENSG00000198899,0.92
HP_0007360,ENSG00000104833,0.9
HP_0007994,ENSG00000131943,0.92
HP_0008250,ENSG00000019186,0.32
HP_0009053,ENSG00000198513,0.92
HP_0009921,ENSG00000128656,0.72
HP_0010886,ENSG00000157766,0.9
HP_0012443,ENSG00000196230,0.92
HP_0012675,ENSG00000184381,0.32
HP_0012759,ENSG00000112137,0.0
HP_0030436,ENSG00000154803,0.92
HP_0040083,ENSG00000155657,0.32
HP_0100543,ENSG00000042781,0.92
HP_0100543,ENSG00000134138,0.02
HP_0200134,ENSG00000136928,0.32
HP_0200134,ENSG00000169710,0.32
HP_0200134,ENSG00000198838,0.32
MONDO_0000030,ENSG00000175785,0.32
MONDO_0000045,ENSG00000174417,0.92
MONDO_0000476,ENSG00000106571,0.32
MONDO_0000732,ENSG00000156709,0.32
MONDO_0001117,ENSG00000100243,0.9
MONDO_0001328,ENSG00000151090,0.02
MONDO_0003008,ENSG00000138798,0.3
MONDO_0007254,ENSG00000012048,0.3
MONDO_0007254,ENSG00000039068,0.3
MONDO_0007254,ENSG00000136492,0.3
MONDO_0007254,ENSG00000149311,0.15
MONDO_0007254,ENSG00000183765,0.3
MONDO_0007290,ENSG00000102878,0.32
MONDO_0007319,ENSG00000154122,0.02
MONDO_0007572,ENSG00000187266,0.02
MONDO_0007844,ENSG00000077782,0.02
MONDO_0007883,ENSG00000071127,0.9
MONDO_0008210,ENSG00000112619,0.32
MONDO_0008289,ENSG00000187498,0.02
MONDO_0008689,ENSG00000103335,0.32
MONDO_0008856,ENSG00000027697,0.05
MONDO_0009064,ENSG00000040531,0.02
MONDO_0009384,ENSG00000138039,0.02
MONDO_0009440,ENSG00000100280,0.9
MONDO_0009709,ENSG00000136717,0.32
MONDO_0009734,ENSG00000006071,0.95
MONDO_0010178,ENSG00000001626,0.92
MONDO_0010217,ENSG00000225830,0.92
MONDO_0010504,ENSG00000071553,0.9
MONDO_0010752,ENSG00000181544,0.02
MONDO_0010817,ENSG00000109501,0.32
MONDO_0010933,ENSG00000091137,0.32
MONDO_0010933,ENSG00000177807,0.32
MONDO_0010953,ENSG00000112039,0.32
MONDO_0011163,ENSG00000081248,0.02
MONDO_0011213,ENSG00000177565,0.32
MONDO_0011323,ENSG00000101596,0.32
MONDO_0011431,ENSG00000166147,0.32
MONDO_0011577,ENSG00000125414,0.32
MONDO_0011789,ENSG00000073584,0.17
MONDO_0011831,ENSG00000096696,0.32
MONDO_0012320,ENSG00000144285,0.32
MONDO_0012524,ENSG00000179142,0.9
MONDO_0012611,ENSG00000266173,0.32
MONDO_0012868,ENSG00000184500,0.02
MONDO_0012880,ENSG00000171316,0.32
MONDO_0013187,ENSG00000124491,0.185
MONDO_0013500,ENSG00000177663,0.32
MONDO_0013656,ENSG00000130294,0.32
MONDO_0013920,ENSG00000131323,0.02
MONDO_0014368,ENSG00000128513,0.32
MONDO_0014369,ENSG00000074047,0.02
MONDO_0014405,ENSG00000184584,0.32
MONDO_0014472,ENSG00000091106,0.32
MONDO_0014493,ENSG00000163599,0.32
MONDO_0014611,ENSG00000165898,0.3
MONDO_0014645,ENSG00000198286,0.32
MONDO_0014659,ENSG00000151779,0.92
MONDO_0014665,ENSG00000108784,0.02
MONDO_0014671,ENSG00000164209,0.32
MONDO_0014704,ENSG00000113721,0.02
MONDO_0014714,ENSG00000131504,0.02
MONDO_0014791,ENSG00000181555,0.32
MONDO_0014807,ENSG00000138303,0.9
MONDO_0014995,ENSG00000138411,0.32
MONDO_0015009,ENSG00000196411,0.9
MONDO_0015193,ENSG00000196535,0.32
MONDO_0017362,ENSG00000184640,0.02
MONDO_0017658,ENSG00000165970,0.02
MONDO_0018470,ENSG00000141449,0.9
MONDO_0018614,ENSG00000158445,0.02
MONDO_0018642,ENSG00000006062,0.32
MONDO_0018677,ENSG00000136698,0.9
MONDO_0018778,ENSG00000079805,0.32
MONDO_0029136,ENSG00000196569,0.02
MONDO_0030088,ENSG00000006071,0.9
MONDO_0030922,ENSG00000141367,0.32
MONDO_0032751,ENSG00000109063,0.7000000000000001
MONDO_0032760,ENSG00000196367,0.9
MONDO_0032930,ENSG00000107331,0.02
MONDO_0033652,ENSG00000256053,0.9
MONDO_0044206,ENSG00000204248,0.32
MONDO_0044318,ENSG00000170836,0.9
MONDO_0044714,ENSG00000125459,0.32
MONDO_0054781,ENSG00000122140,0.32
MONDO_0054842,ENSG00000090520,0.72
MONDO_0060578,ENSG00000116874,0.9
MONDO_0060729,ENSG00000066926,0.05
MONDO_0060759,ENSG00000119669,0.32
MONDO_0100038,ENSG00000136531,0.7000000000000001
MONDO_0100038,ENSG00000157540,0.7000000000000001
MONDO_0100062,ENSG00000007402,0.02
MONDO_0100062,ENSG00000075043,0.72
MONDO_0100062,ENSG00000087258,0.32
MONDO_0100062,ENSG00000136854,0.02
MONDO_0100062,ENSG00000140015,0.02
MONDO_0100062,ENSG00000144285,0.32
MONDO_0100062,ENSG00000177542,0.02
MONDO_0100062,ENSG00000196876,0.02
MONDO_0100062,ENSG00000197694,0.02
MONDO_0100225,ENSG00000142156,0.02
MONDO_0100225,ENSG00000142173,0.02
MONDO_0100225,ENSG00000163359,0.32
MONDO_0100294,ENSG00000073578,0.32
MONDO_0100352,ENSG00000167371,0.32
Orphanet_100,ENSG00000149311,0.32
Orphanet_100044,ENSG00000079805,0.32
Orphanet_100050,ENSG00000149131,0.92
Orphanet_100051,ENSG00000149131,0.9
Orphanet_100924,ENSG00000148218,0.32
Orphanet_100981,ENSG00000114354,0.02
Orphanet_100984,ENSG00000198513,0.32
Orphanet_100985,ENSG00000021574,0.32
Orphanet_100988,ENSG00000170113,0.32
Orphanet_100989,ENSG00000164961,0.02
Orphanet_100990,ENSG00000059573,0.02
Orphanet_100996,ENSG00000072121,0.32
Orphanet_101010,ENSG00000130294,0.32
Orphanet_101016,ENSG00000053918,0.16
Orphanet_101016,ENSG00000101400,0.32
Orphanet_101016,ENSG00000120457,0.02
Orphanet_101016,ENSG00000127914,0.32
Orphanet_101016,ENSG00000145362,0.02
Orphanet_101016,ENSG00000177098,0.02
Orphanet_101016,ENSG00000183873,0.02
Orphanet_101028,ENSG00000177156,0.32
Orphanet_101070,ENSG00000205336,0.16
Orphanet_101075,ENSG00000169562,0.9
Orphanet_101082,ENSG00000158887,0.9
Orphanet_101089,ENSG00000111732,0.02
Orphanet_101092,ENSG00000076248,0.32
Orphanet_101108,ENSG00000101327,0.02
Orphanet_101150,ENSG00000180176,0.02
Orphanet_1020,ENSG00000080815,0.02
Orphanet_1020,ENSG00000142192,0.92
Orphanet_102015,ENSG00000155657,0.32
Orphanet_102015,ENSG00000170624,0.32
Orphanet_102283,ENSG00000159140,0.32
Orphanet_1052,ENSG00000156970,0.32
Orphanet_1052,ENSG00000166037,0.32
Orphanet_107,ENSG00000104313,0.32
Orphanet_109007,ENSG00000144451,0.32
Orphanet_110,ENSG00000054282,0.32
Orphanet_110,ENSG00000119401,0.32
Orphanet_110,ENSG00000122507,0.32
Orphanet_110,ENSG00000125124,0.32
Orphanet_110,ENSG00000125863,0.32
Orphanet_110,ENSG00000138686,0.52
Orphanet_110,ENSG00000143951,0.32
Orphanet_110,ENSG00000174483,0.02
Orphanet_110,ENSG00000179941,0.02
Orphanet_110,ENSG00000198707,0.635
Orphanet_110,ENSG00000251569,0.32
Orphanet_110,ENSG00000256349,0.92
Orphanet_111,ENSG00000013563,0.02
Orphanet_111,ENSG00000102125,0.32
Orphanet_1135,ENSG00000101596,0.32
Orphanet_1147,ENSG00000109063,0.32
Orphanet_115,ENSG00000138829,0.32
Orphanet_116,ENSG00000129757,0.02
Orphanet_1172,ENSG00000107815,0.32
Orphanet_118,ENSG00000109323,0.02
Orphanet_119,ENSG00000163069,0.02
Orphanet_122,ENSG00000154803,0.02
Orphanet_1225,ENSG00000160957,0.32
Orphanet_124,ENSG00000124614,0.9
Orphanet_124,ENSG00000138326,0.02
Orphanet_124,ENSG00000171863,0.02
Orphanet_125,ENSG00000197299,0.32
Orphanet_126,ENSG00000183770,0.91
Orphanet_1293,ENSG00000111199,0.02
Orphanet_1299,ENSG00000140937,0.9
Orphanet_13,ENSG00000150787,0.72
Orphanet_130,ENSG00000105711,0.02
Orphanet_130,ENSG00000138622,0.32
Orphanet_130,ENSG00000152642,0.32
Orphanet_130,ENSG00000153956,0.02
Orphanet_130,ENSG00000163681,0.32
Orphanet_130,ENSG00000165995,0.32
Orphanet_130,ENSG00000183873,0.52
Orphanet_130,ENSG00000185313,0.02
Orphanet_1306,ENSG00000174106,0.02
Orphanet_1334,ENSG00000115415,0.9
Orphanet_1334,ENSG00000187796,0.02
Orphanet_1359,ENSG00000108946,0.32
Orphanet_136,ENSG00000074181,0.32
Orphanet_137,ENSG00000000419,0.92
Orphanet_137,ENSG00000079739,0.17
Orphanet_137,ENSG00000088035,0.47000000000000003
Orphanet_137,ENSG00000104723,0.02
Orphanet_137,ENSG00000118705,0.32
Orphanet_137,ENSG00000128039,0.32
Orphanet_137,ENSG00000129255,0.02
Orphanet_137,ENSG00000133103,0.02
Orphanet_137,ENSG00000136908,0.05
Orphanet_137,ENSG00000140650,0.72
Orphanet_137,ENSG00000163933,0.02
Orphanet_137,ENSG00000172269,0.32
Orphanet_137,ENSG00000175283,0.32
Orphanet_137,ENSG00000178802,0.37
Orphanet_137,ENSG00000181830,0.32
Orphanet_137605,ENSG00000166068,0.62
Orphanet_137625,ENSG00000104812,0.32
Orphanet_137667,ENSG00000145715,0.17
Orphanet_137681,ENSG00000168827,0.32
Orphanet_137834,ENSG00000174705,0.46
Orphanet_137888,ENSG00000101333,0.17
Orphanet_138,ENSG00000100393,0.7000000000000001
Orphanet_138,ENSG00000170381,0.32
Orphanet_138,ENSG00000171316,0.32
Orphanet_1387,ENSG00000118873,0.02
Orphanet_139406,ENSG00000197746,0.32
Orphanet_139455,ENSG00000167995,0.8200000000000001
Orphanet_139480,ENSG00000032444,0.17
Orphanet_139491,ENSG00000138449,0.6
Orphanet_139525,ENSG00000145868,0.17
Orphanet_139525,ENSG00000152137,0.72
Orphanet_139552,ENSG00000147955,0.32
Orphanet_139557,ENSG00000102144,0.02
Orphanet_139557,ENSG00000130985,0.02
Orphanet_139557,ENSG00000165240,0.02
Orphanet_139578,ENSG00000072121,0.32
Orphanet_139578,ENSG00000150753,0.32
Orphanet_139589,ENSG00000204843,0.17
Orphanet_14,ENSG00000138823,0.32
Orphanet_140162,ENSG00000004700,0.32
Orphanet_140162,ENSG00000012048,0.35
Orphanet_140162,ENSG00000020922,0.02
Orphanet_140162,ENSG00000039068,0.35
Orphanet_140162,ENSG00000044115,0.02
Orphanet_140162,ENSG00000062822,0.32
Orphanet_140162,ENSG00000073578,0.32
Orphanet_140162,ENSG00000076242,0.32
Orphanet_140162,ENSG00000083093,0.32
Orphanet_140162,ENSG00000091483,0.92
Orphanet_140162,ENSG00000095002,0.32
Orphanet_140162,ENSG00000100697,0.02
Orphanet_140162,ENSG00000103197,0.32
Orphanet_140162,ENSG00000104320,0.035
Orphanet_140162,ENSG00000105976,0.17
Orphanet_140162,ENSG00000107779,0.32
Orphanet_140162,ENSG00000107882,0.02
Orphanet_140162,ENSG00000108384,0.32
Orphanet_140162,ENSG00000109132,0.02
Orphanet_140162,ENSG00000110711,0.02
Orphanet_140162,ENSG00000111276,0.32
Orphanet_140162,ENSG00000113522,0.32
Orphanet_140162,ENSG00000116062,0.35
Orphanet_140162,ENSG00000117118,0.62
Orphanet_140162,ENSG00000118046,0.17
Orphanet_140162,ENSG00000119514,0.02
Orphanet_140162,ENSG00000121879,0.32
Orphanet_140162,ENSG00000122512,0.32
Orphanet_140162,ENSG00000127616,0.02
Orphanet_140162,ENSG00000128513,0.32
Orphanet_140162,ENSG00000132773,0.02
Orphanet_140162,ENSG00000133895,0.02
Orphanet_140162,ENSG00000134086,0.62
Orphanet_140162,ENSG00000134982,0.32
Orphanet_140162,ENSG00000135956,0.62
Orphanet_140162,ENSG00000136492,0.32
Orphanet_140162,ENSG00000138081,0.02
Orphanet_140162,ENSG00000138376,0.32
Orphanet_140162,ENSG00000139618,0.32
Orphanet_140162,ENSG00000139687,0.32
Orphanet_140162,ENSG00000141510,0.33499999999999996
Orphanet_140162,ENSG00000141646,0.185
Orphanet_140162,ENSG00000147889,0.32
Orphanet_140162,ENSG00000149311,0.32
Orphanet_140162,ENSG00000154803,0.32
Orphanet_140162,ENSG00000158169,0.32
Orphanet_140162,ENSG00000159184,0.32
Orphanet_140162,ENSG00000163930,0.32
Orphanet_140162,ENSG00000165699,0.17
Orphanet_140162,ENSG00000166323,0.02
Orphanet_140162,ENSG00000168646,0.02
Orphanet_140162,ENSG00000171862,0.35
Orphanet_140162,ENSG00000177084,0.32
Orphanet_140162,ENSG00000183765,0.32
Orphanet_140162,ENSG00000185379,0.035
Orphanet_140162,ENSG00000185920,0.17
Orphanet_140162,ENSG00000186575,0.02
Orphanet_140162,ENSG00000196712,0.32
Orphanet_140162,ENSG00000197299,0.32
Orphanet_140162,ENSG00000204370,0.02
Orphanet_140162,ENSG00000256591,0.72
Orphanet_140162,ENSG00000267618,0.35
Orphanet_140162,ENSG00000282278,0.32
Orphanet_140162,ENSG00000283782,0.32
Orphanet_140874,ENSG00000162430,0.32
Orphanet_140927,ENSG00000136531,0.17
Orphanet_140969,ENSG00000135437,0.32
Orphanet_140969,ENSG00000187535,0.32
Orphanet_140997,ENSG00000046651,0.9
Orphanet_141,ENSG00000108381,0.02
Orphanet_1412,ENSG00000183691,0.7000000000000001
Orphanet_1427,ENSG00000204248,0.02
Orphanet_144,ENSG00000076242,0.195
Orphanet_144,ENSG00000095002,0.33499999999999996
Orphanet_144,ENSG00000116062,0.72
Orphanet_144,ENSG00000119684,0.32
Orphanet_144,ENSG00000119888,0.92
Orphanet_144,ENSG00000122512,0.61
Orphanet_145,ENSG00000012048,0.9
Orphanet_145,ENSG00000138376,0.9
Orphanet_145,ENSG00000139618,0.32
Orphanet_145,ENSG00000185379,0.32
Orphanet_145,ENSG00000267618,0.02
Orphanet_1454,ENSG00000048342,0.92
Orphanet_1460,ENSG00000011295,0.32
Orphanet_1460,ENSG00000074582,0.32
Orphanet_1465,ENSG00000049618,0.32
Orphanet_1465,ENSG00000073584,0.9
Orphanet_1466,ENSG00000225830,0.52
Orphanet_1479,ENSG00000183072,0.32
Orphanet_1480,ENSG00000136574,0.32
Orphanet_1493,ENSG00000152223,0.17
Orphanet_1496,ENSG00000140199,0.185
Orphanet_1505,ENSG00000187240,0.32
Orphanet_1507,ENSG00000169071,0.32
Orphanet_1515,ENSG00000101052,0.9
Orphanet_1515,ENSG00000118965,0.02
Orphanet_1522,ENSG00000154122,0.17
Orphanet_1531,ENSG00000077782,0.02
Orphanet_154,ENSG00000173991,0.32
Orphanet_156,ENSG00000110090,0.3
Orphanet_157,ENSG00000157184,0.32
Orphanet_1571,ENSG00000182871,0.17
Orphanet_1572,ENSG00000077150,0.02
Orphanet_1572,ENSG00000198589,0.17
Orphanet_1572,ENSG00000239697,0.32
Orphanet_157820,ENSG00000122550,0.92
Orphanet_157850,ENSG00000125779,0.635
Orphanet_157949,ENSG00000166349,0.02
Orphanet_157965,ENSG00000165915,0.02
Orphanet_158668,ENSG00000081277,0.02
Orphanet_158684,ENSG00000178209,0.17
Orphanet_158687,ENSG00000096696,0.32
Orphanet_159,ENSG00000178537,0.32
Orphanet_165805,ENSG00000165078,0.32
Orphanet_165991,ENSG00000155380,0.32
Orphanet_166,ENSG00000054523,0.32
Orphanet_166,ENSG00000090861,0.02
Orphanet_166,ENSG00000104419,0.32
Orphanet_166,ENSG00000104973,0.32
Orphanet_166,ENSG00000105227,0.32
Orphanet_166,ENSG00000106105,0.9
Orphanet_166,ENSG00000111199,0.05
Orphanet_166,ENSG00000116688,0.02
Orphanet_166,ENSG00000139132,0.02
Orphanet_166,ENSG00000148356,0.33499999999999996
Orphanet_166,ENSG00000152137,0.02
Orphanet_166,ENSG00000156709,0.02
Orphanet_166,ENSG00000160789,0.92
Orphanet_166,ENSG00000168000,0.02
Orphanet_166,ENSG00000169247,0.02
Orphanet_166,ENSG00000169562,0.61
Orphanet_166,ENSG00000197102,0.02
Orphanet_166,ENSG00000277586,0.32
Orphanet_166073,ENSG00000146282,0.02
Orphanet_166282,ENSG00000138622,0.17
Orphanet_167,ENSG00000143669,0.32
Orphanet_1675,ENSG00000188641,0.32
Orphanet_168569,ENSG00000198246,0.72
Orphanet_169090,ENSG00000167323,0.32
Orphanet_169095,ENSG00000109101,0.02
Orphanet_169100,ENSG00000134460,0.32
Orphanet_169186,ENSG00000136717,0.035
Orphanet_169186,ENSG00000171100,0.9
Orphanet_169446,ENSG00000105397,0.32
Orphanet_171445,ENSG00000128591,0.32
Orphanet_171848,ENSG00000100997,0.32
Orphanet_171871,ENSG00000146021,0.17
Orphanet_171871,ENSG00000151623,0.32
Orphanet_171876,ENSG00000111319,0.02
Orphanet_172,ENSG00000081923,0.32
Orphanet_174,ENSG00000123500,0.02
Orphanet_175,ENSG00000159884,0.15
Orphanet_1764,ENSG00000070061,0.32
Orphanet_1766,ENSG00000167716,0.02
Orphanet_177,ENSG00000018510,0.02
Orphanet_177,ENSG00000116906,0.32
Orphanet_1775,ENSG00000102977,0.32
Orphanet_1775,ENSG00000130826,0.46
Orphanet_1775,ENSG00000145912,0.32
Orphanet_1775,ENSG00000164362,0.32
Orphanet_1775,ENSG00000178971,0.32
Orphanet_1775,ENSG00000258366,0.02
Orphanet_1777,ENSG00000111678,0.32
Orphanet_178382,ENSG00000128710,0.32
Orphanet_178389,ENSG00000141655,0.32
Orphanet_178461,ENSG00000022267,0.32
Orphanet_178464,ENSG00000155657,0.02
Orphanet_178506,ENSG00000116120,0.32
Orphanet_178509,ENSG00000204843,0.32
Orphanet_179006,ENSG00000013375,0.32
Orphanet_179006,ENSG00000096996,0.32
Orphanet_179006,ENSG00000102879,0.02
Orphanet_179006,ENSG00000102908,0.17
Orphanet_179006,ENSG00000104365,0.32
Orphanet_179006,ENSG00000113302,0.35
Orphanet_179006,ENSG00000134516,0.02
Orphanet_179006,ENSG00000171608,0.02
Orphanet_179006,ENSG00000172175,0.32
Orphanet_179006,ENSG00000185507,0.02
Orphanet_179006,ENSG00000198286,0.02
Orphanet_1810,ENSG00000186197,0.02
Orphanet_181428,ENSG00000087237,0.02
Orphanet_182050,ENSG00000100345,0.02
Orphanet_1826,ENSG00000196924,0.17
Orphanet_1830,ENSG00000138375,0.47500000000000003
Orphanet_183435,ENSG00000144452,0.17
Orphanet_183660,ENSG00000166349,0.32
Orphanet_183763,ENSG00000156650,0.0
Orphanet_183763,ENSG00000157540,0.02
Orphanet_183763,ENSG00000204406,0.32
Orphanet_184,ENSG00000087266,0.32
Orphanet_1856,ENSG00000139219,0.9
Orphanet_1860,ENSG00000068078,0.92
Orphanet_1872,ENSG00000007062,0.32
Orphanet_1872,ENSG00000079841,0.02
Orphanet_1872,ENSG00000092200,0.32
Orphanet_1872,ENSG00000105392,0.02
Orphanet_1872,ENSG00000112619,0.32
Orphanet_1872,ENSG00000132518,0.62
Orphanet_1872,ENSG00000148600,0.17
Orphanet_1872,ENSG00000151062,0.32
Orphanet_1872,ENSG00000168615,0.32
Orphanet_1872,ENSG00000198691,0.9
Orphanet_1878,ENSG00000119401,0.92
Orphanet_1885,ENSG00000143382,0.32
Orphanet_1885,ENSG00000166147,0.17
Orphanet_189439,ENSG00000284741,0.72
Orphanet_1899,ENSG00000164692,0.035
Orphanet_1901,ENSG00000087116,0.32
Orphanet_191,ENSG00000225830,0.32
Orphanet_193,ENSG00000132549,0.02
Orphanet_1930,ENSG00000110057,0.32
Orphanet_1930,ENSG00000164342,0.17
Orphanet_1934,ENSG00000004848,0.32
Orphanet_1934,ENSG00000007402,0.02
Orphanet_1934,ENSG00000008086,0.51
Orphanet_1934,ENSG00000039650,0.32
Orphanet_1934,ENSG00000075043,0.72
Orphanet_1934,ENSG00000087258,0.02
Orphanet_1934,ENSG00000101210,0.32
Orphanet_1934,ENSG00000102100,0.32
Orphanet_1934,ENSG00000107147,0.32
Orphanet_1934,ENSG00000110436,0.32
Orphanet_1934,ENSG00000116641,0.17
Orphanet_1934,ENSG00000131089,0.02
Orphanet_1934,ENSG00000136531,0.02
Orphanet_1934,ENSG00000136854,0.92
Orphanet_1934,ENSG00000138814,0.9
Orphanet_1934,ENSG00000140015,0.02
Orphanet_1934,ENSG00000141485,0.02
Orphanet_1934,ENSG00000141837,0.32
Orphanet_1934,ENSG00000142178,0.02
Orphanet_1934,ENSG00000144285,0.52
Orphanet_1934,ENSG00000158445,0.02
Orphanet_1934,ENSG00000159082,0.62
Orphanet_1934,ENSG00000162065,0.32
Orphanet_1934,ENSG00000163382,0.9
Orphanet_1934,ENSG00000165194,0.47000000000000003
Orphanet_1934,ENSG00000177301,0.02
Orphanet_1934,ENSG00000182621,0.32
Orphanet_1934,ENSG00000186153,0.32
Orphanet_1934,ENSG00000196876,0.32
Orphanet_1934,ENSG00000197694,0.02
Orphanet_1934,ENSG00000198844,0.02
Orphanet_1934,ENSG00000260230,0.32
Orphanet_1934,ENSG00000260272,0.02
Orphanet_1935,ENSG00000177542,0.02
Orphanet_1935,ENSG00000184408,0.32
Orphanet_1942,ENSG00000157103,0.02
Orphanet_1942,ENSG00000173575,0.02
Orphanet_1945,ENSG00000169432,0.9
Orphanet_1946,ENSG00000067836,0.32
Orphanet_1949,ENSG00000075043,0.9
Orphanet_1949,ENSG00000169031,0.32
Orphanet_1949,ENSG00000184156,0.32
Orphanet_198,ENSG00000165240,0.02
Orphanet_1980,ENSG00000113721,0.02
Orphanet_199,ENSG00000072501,0.32
Orphanet_199,ENSG00000164190,0.72
Orphanet_199241,ENSG00000128829,0.9
Orphanet_199340,ENSG00000151929,0.17
Orphanet_1997,ENSG00000039068,0.32
Orphanet_20,ENSG00000117305,0.32
Orphanet_201,ENSG00000101310,0.17
Orphanet_201,ENSG00000121879,0.32
Orphanet_201,ENSG00000142208,0.17
Orphanet_2020,ENSG00000092054,0.32
Orphanet_2020,ENSG00000143549,0.32
Orphanet_2021,ENSG00000060718,0.32
Orphanet_2021,ENSG00000204248,0.32
Orphanet_2024,ENSG00000115904,0.17
Orphanet_2052,ENSG00000138316,0.3
Orphanet_2052,ENSG00000138759,0.32
Orphanet_206580,ENSG00000171680,0.32
Orphanet_206583,ENSG00000114480,0.32
Orphanet_206713,ENSG00000106105,0.32
Orphanet_206713,ENSG00000111199,0.3
Orphanet_206713,ENSG00000189067,0.3
Orphanet_206966,ENSG00000198712,0.9
Orphanet_206973,ENSG00000188037,0.52
Orphanet_207052,ENSG00000108823,0.32
Orphanet_207070,ENSG00000170624,0.02
Orphanet_207073,ENSG00000135636,0.02
Orphanet_207085,ENSG00000198947,0.92
Orphanet_208513,ENSG00000150995,0.32
Orphanet_208650,ENSG00000162711,0.17
Orphanet_2088,ENSG00000163581,0.05
Orphanet_2089,ENSG00000111713,0.05
Orphanet_209370,ENSG00000169057,0.62
Orphanet_209908,ENSG00000128573,0.32
Orphanet_209967,ENSG00000079215,0.32
Orphanet_210122,ENSG00000103241,0.61
Orphanet_210548,ENSG00000171862,0.9
Orphanet_210571,ENSG00000180228,0.185
Orphanet_211067,ENSG00000182389,0.17
Orphanet_213,ENSG00000040531,0.32
Orphanet_2131,ENSG00000018625,0.32
Orphanet_2131,ENSG00000105409,0.9
Orphanet_2134,ENSG00000000971,0.02
Orphanet_2134,ENSG00000205403,0.02
Orphanet_2136,ENSG00000183287,0.02
Orphanet_2143,ENSG00000081479,0.32
Orphanet_2149,ENSG00000124198,0.32
Orphanet_215,ENSG00000074621,0.32
Orphanet_215,ENSG00000102001,0.02
Orphanet_215,ENSG00000134160,0.32
Orphanet_215,ENSG00000175544,0.32
Orphanet_215,ENSG00000188937,0.32
Orphanet_215,ENSG00000277399,0.02
Orphanet_2152,ENSG00000169554,0.02
Orphanet_216,ENSG00000101152,0.02
Orphanet_216,ENSG00000102805,0.32
Orphanet_216,ENSG00000117984,0.32
Orphanet_216,ENSG00000128973,0.32
Orphanet_216,ENSG00000131238,0.175
Orphanet_216,ENSG00000166340,0.32
Orphanet_216,ENSG00000182372,0.31
Orphanet_216,ENSG00000250644,0.05
Orphanet_2162,ENSG00000064309,0.17
Orphanet_2162,ENSG00000074047,0.02
Orphanet_2162,ENSG00000138083,0.17
Orphanet_2162,ENSG00000160973,0.05
Orphanet_216796,ENSG00000108821,0.92
Orphanet_216804,ENSG00000164692,0.9
Orphanet_216812,ENSG00000108821,0.9
Orphanet_216812,ENSG00000164692,0.9
Orphanet_216820,ENSG00000108821,0.92
Orphanet_2169,ENSG00000124275,0.02
Orphanet_217026,ENSG00000169032,0.32
Orphanet_217059,ENSG00000164120,0.32
Orphanet_217390,ENSG00000107099,0.17
Orphanet_217563,ENSG00000167972,0.02
Orphanet_217563,ENSG00000168878,0.32
Orphanet_217607,ENSG00000173991,0.32
Orphanet_217622,ENSG00000112319,0.32
Orphanet_217635,ENSG00000092054,0.9
Orphanet_217635,ENSG00000118194,0.02
Orphanet_217635,ENSG00000143632,0.02
Orphanet_217656,ENSG00000057294,0.02
Orphanet_217656,ENSG00000183230,0.32
Orphanet_217656,ENSG00000198626,0.32
Orphanet_2185,ENSG00000015133,0.32
Orphanet_219,ENSG00000170624,0.32
Orphanet_2190,ENSG00000145147,0.9
Orphanet_22,ENSG00000112294,0.32
Orphanet_220,ENSG00000184937,0.32
Orphanet_220295,ENSG00000175595,0.32
Orphanet_220460,ENSG00000177084,0.32
Orphanet_220489,ENSG00000010704,0.92
Orphanet_220493,ENSG00000205084,0.32
Orphanet_221061,ENSG00000001631,0.32
Orphanet_221145,ENSG00000090006,0.92
Orphanet_221150,ENSG00000174469,0.32
Orphanet_221150,ENSG00000179915,0.32
Orphanet_223,ENSG00000126895,0.9
Orphanet_223,ENSG00000167580,0.32
Orphanet_223713,ENSG00000134905,0.32
Orphanet_2253,ENSG00000007372,0.02
Orphanet_2253,ENSG00000109911,0.32
Orphanet_2254,ENSG00000100749,0.02
Orphanet_2254,ENSG00000107371,0.32
Orphanet_2268,ENSG00000088305,0.02
Orphanet_2268,ENSG00000112365,0.02
Orphanet_227535,ENSG00000012048,0.0
Orphanet_227535,ENSG00000072571,0.32
Orphanet_227535,ENSG00000083093,0.32
Orphanet_227535,ENSG00000136492,0.32
Orphanet_227535,ENSG00000138376,0.02
Orphanet_227535,ENSG00000139618,0.0
Orphanet_227535,ENSG00000183765,0.02
Orphanet_227535,ENSG00000198901,0.3
Orphanet_228140,ENSG00000183873,0.02
Orphanet_228343,ENSG00000101152,0.32
Orphanet_228346,ENSG00000188603,0.7000000000000001
Orphanet_228346,ENSG00000261832,0.72
Orphanet_228349,ENSG00000166340,0.16
Orphanet_228384,ENSG00000081189,0.02
Orphanet_2290,ENSG00000167306,0.17
Orphanet_23,ENSG00000126522,0.32
Orphanet_230,ENSG00000123454,0.05
Orphanet_2300,ENSG00000068724,0.17
Orphanet_2309,ENSG00000186832,0.9
Orphanet_231108,ENSG00000099956,0.02
Orphanet_231108,ENSG00000127616,0.02
Orphanet_231154,ENSG00000166349,0.32
Orphanet_231178,ENSG00000042781,0.52
Orphanet_231183,ENSG00000163646,0.72
Orphanet_2312,ENSG00000288705,0.32
Orphanet_231512,ENSG00000110756,0.3
Orphanet_231671,ENSG00000285947,0.32
Orphanet_2322,ENSG00000167548,0.72
Orphanet_233,ENSG00000128656,0.9
Orphanet_2332,ENSG00000167522,0.92
Orphanet_2334,ENSG00000109911,0.17
Orphanet_2337,ENSG00000167723,0.17
Orphanet_2343,ENSG00000105722,0.8
Orphanet_2345,ENSG00000156466,0.02
Orphanet_2348,ENSG00000132170,0.02
Orphanet_235936,ENSG00000196557,0.17
Orphanet_2382,ENSG00000106976,0.02
Orphanet_2382,ENSG00000173575,0.02
Orphanet_238510,ENSG00000139193,0.32
Orphanet_238569,ENSG00000110324,0.32
Orphanet_238569,ENSG00000243646,0.32
Orphanet_238569,ENSG00000249624,0.02
Orphanet_238583,ENSG00000150787,0.02
Orphanet_238583,ENSG00000166228,0.02
Orphanet_238666,ENSG00000077782,0.72
Orphanet_238666,ENSG00000109163,0.02
Orphanet_238666,ENSG00000136720,0.32
Orphanet_2388,ENSG00000197969,0.17
Orphanet_2396,ENSG00000077782,0.72
Orphanet_24,ENSG00000091483,0.32
Orphanet_2407,ENSG00000053747,0.32
Orphanet_240760,ENSG00000113522,0.32
Orphanet_240760,ENSG00000283782,0.32
Orphanet_243,ENSG00000130385,0.32
Orphanet_244,ENSG00000039139,0.32
Orphanet_244,ENSG00000104450,0.32
Orphanet_244,ENSG00000105877,0.32
Orphanet_244,ENSG00000114841,0.17
Orphanet_244,ENSG00000119661,0.02
Orphanet_244,ENSG00000122735,0.02
Orphanet_244,ENSG00000124721,0.32
Orphanet_244,ENSG00000130363,0.32
Orphanet_244,ENSG00000139537,0.32
Orphanet_244,ENSG00000141519,0.035
Orphanet_244,ENSG00000152669,0.02
Orphanet_244,ENSG00000154099,0.61
Orphanet_244,ENSG00000156313,0.02
Orphanet_244,ENSG00000164818,0.32
Orphanet_244,ENSG00000165506,0.32
Orphanet_244,ENSG00000169126,0.02
Orphanet_244,ENSG00000198003,0.32
Orphanet_244,ENSG00000284862,0.62
Orphanet_2440,ENSG00000105880,0.9
Orphanet_2442,ENSG00000101966,0.02
Orphanet_2442,ENSG00000183918,0.32
Orphanet_2462,ENSG00000068078,0.92
Orphanet_2462,ENSG00000157933,0.02
Orphanet_247,ENSG00000046604,0.32
Orphanet_247,ENSG00000057294,0.71
Orphanet_247,ENSG00000096696,0.32
Orphanet_247,ENSG00000134755,0.33499999999999996
Orphanet_247,ENSG00000170876,0.17
Orphanet_247,ENSG00000173801,0.02
Orphanet_247262,ENSG00000165282,0.17
Orphanet_2473,ENSG00000125863,0.32
Orphanet_247353,ENSG00000136695,0.32
Orphanet_247525,ENSG00000130707,0.75
Orphanet_247582,ENSG00000004864,0.02
Orphanet_247585,ENSG00000004864,0.32
Orphanet_247651,ENSG00000162551,0.7000000000000001
Orphanet_247691,ENSG00000213689,0.02
Orphanet_247698,ENSG00000165731,0.32
Orphanet_2478,ENSG00000100427,0.32
Orphanet_2478,ENSG00000165478,0.9
Orphanet_247834,ENSG00000183638,0.17
Orphanet_247868,ENSG00000142405,0.185
Orphanet_247868,ENSG00000197943,0.02
Orphanet_248,ENSG00000135960,0.02
Orphanet_248,ENSG00000175894,0.9
Orphanet_2484,ENSG00000196924,0.32
Orphanet_2499,ENSG00000179295,0.61
Orphanet_25,ENSG00000105607,0.92
Orphanet_250923,ENSG00000007372,0.02
Orphanet_2510,ENSG00000099246,0.32
Orphanet_2510,ENSG00000115839,0.32
Orphanet_251019,ENSG00000119042,0.17
Orphanet_2512,ENSG00000103995,0.17
Orphanet_2512,ENSG00000122966,0.32
Orphanet_2512,ENSG00000136861,0.32
Orphanet_2512,ENSG00000137812,0.02
Orphanet_2512,ENSG00000151849,0.32
Orphanet_251274,ENSG00000120457,0.32
Orphanet_251279,ENSG00000235718,0.32
Orphanet_251295,ENSG00000134376,0.92
Orphanet_251347,ENSG00000020922,0.02
Orphanet_2542,ENSG00000007372,0.32
Orphanet_254361,ENSG00000178209,0.02
Orphanet_254913,ENSG00000171953,0.32
Orphanet_254913,ENSG00000175606,0.32
Orphanet_255,ENSG00000131979,0.02
Orphanet_255138,ENSG00000168291,0.32
Orphanet_255235,ENSG00000048392,0.32
Orphanet_2554,ENSG00000085840,0.32
Orphanet_2554,ENSG00000091651,0.95
Orphanet_257,ENSG00000178209,0.32
Orphanet_258,ENSG00000196569,0.7000000000000001
Orphanet_2587,ENSG00000005381,0.9
Orphanet_2588,ENSG00000141646,0.32
Orphanet_2593,ENSG00000167323,0.02
Orphanet_2598,ENSG00000011376,0.32
Orphanet_2598,ENSG00000177192,0.32
Orphanet_26,ENSG00000139428,0.02
Orphanet_2609,ENSG00000130414,0.32
Orphanet_2609,ENSG00000140990,0.9
Orphanet_2609,ENSG00000164182,0.9
Orphanet_2609,ENSG00000167792,0.52
Orphanet_2609,ENSG00000184983,0.9
Orphanet_2609,ENSG00000255639,0.72
Orphanet_261,ENSG00000054654,0.32
Orphanet_261,ENSG00000100242,0.02
Orphanet_261,ENSG00000164828,0.02
Orphanet_26106,ENSG00000039068,0.32
Orphanet_261494,ENSG00000181090,0.02
Orphanet_2615,ENSG00000204264,0.32
Orphanet_2616,ENSG00000124006,0.17
Orphanet_2623,ENSG00000166147,0.92
Orphanet_2623,ENSG00000197859,0.32
Orphanet_263,ENSG00000009830,0.02
Orphanet_263,ENSG00000085998,0.02
Orphanet_263,ENSG00000108823,0.32
Orphanet_263,ENSG00000120729,0.32
Orphanet_263,ENSG00000135636,0.3
Orphanet_263,ENSG00000155657,0.02
Orphanet_263,ENSG00000163069,0.02
Orphanet_263,ENSG00000168538,0.02
Orphanet_263,ENSG00000171714,0.32
Orphanet_263,ENSG00000181027,0.32
Orphanet_263463,ENSG00000122863,0.61
Orphanet_263487,ENSG00000105856,0.32
Orphanet_263487,ENSG00000105865,0.62
Orphanet_263487,ENSG00000164597,0.31
Orphanet_2639,ENSG00000138696,0.9
Orphanet_264580,ENSG00000044446,0.62
Orphanet_264580,ENSG00000156873,0.33499999999999996
Orphanet_2658,ENSG00000156471,0.32
Orphanet_267,ENSG00000092529,0.92
Orphanet_2670,ENSG00000172037,0.02
Orphanet_26791,ENSG00000105379,0.02
Orphanet_26791,ENSG00000140374,0.02
Orphanet_26791,ENSG00000171503,0.32
Orphanet_26793,ENSG00000072778,0.32
Orphanet_268,ENSG00000135636,0.3
Orphanet_268322,ENSG00000107890,0.32
Orphanet_268823,ENSG00000198707,0.92
Orphanet_268926,ENSG00000198793,0.97
Orphanet_268994,ENSG00000165699,0.32
Orphanet_2710,ENSG00000152661,0.46
Orphanet_2717,ENSG00000164946,0.17
Orphanet_272,ENSG00000106692,0.32
Orphanet_272,ENSG00000130714,0.02
Orphanet_272,ENSG00000181027,0.32
Orphanet_273,ENSG00000104936,0.92
Orphanet_2733,ENSG00000183098,0.02
Orphanet_274,ENSG00000169704,0.32
Orphanet_2745,ENSG00000100014,0.32
Orphanet_275517,ENSG00000064012,0.02
Orphanet_275761,ENSG00000107798,0.32
Orphanet_275872,ENSG00000089280,0.32
Orphanet_275872,ENSG00000161011,0.32
Orphanet_276161,ENSG00000111276,0.32
Orphanet_2762,ENSG00000087460,0.92
Orphanet_276234,ENSG00000114841,0.32
Orphanet_276234,ENSG00000156042,0.9
Orphanet_276255,ENSG00000154767,0.32
Orphanet_276258,ENSG00000104884,0.02
Orphanet_276267,ENSG00000134899,0.02
Orphanet_276267,ENSG00000270181,0.32
Orphanet_276399,ENSG00000100697,0.46
Orphanet_276525,ENSG00000006071,0.3
Orphanet_2781,ENSG00000141655,0.02
Orphanet_2796,ENSG00000174640,0.8
Orphanet_280133,ENSG00000125730,0.17
Orphanet_280586,ENSG00000104331,0.32
Orphanet_280598,ENSG00000140092,0.3
Orphanet_280671,ENSG00000100288,0.02
Orphanet_281097,ENSG00000092295,0.32
Orphanet_281097,ENSG00000171954,0.32
Orphanet_281097,ENSG00000179148,0.32
Orphanet_281097,ENSG00000179477,0.32
Orphanet_282,ENSG00000030582,0.17
Orphanet_282,ENSG00000080815,0.32
Orphanet_282,ENSG00000186868,0.02
Orphanet_2828,ENSG00000115317,0.32
Orphanet_2828,ENSG00000185345,0.32
Orphanet_2836,ENSG00000141556,0.32
Orphanet_28378,ENSG00000198650,0.32
Orphanet_284232,ENSG00000197102,0.32
Orphanet_284271,ENSG00000143469,0.32
Orphanet_284282,ENSG00000186153,0.32
Orphanet_2849,ENSG00000144535,0.32
Orphanet_285014,ENSG00000106799,0.32
Orphanet_285014,ENSG00000107796,0.02
Orphanet_285014,ENSG00000130700,0.32
Orphanet_285014,ENSG00000133392,0.02
Orphanet_285014,ENSG00000148400,0.02
Orphanet_285014,ENSG00000163513,0.32
Orphanet_285014,ENSG00000166147,0.32
Orphanet_285014,ENSG00000166949,0.95
Orphanet_285014,ENSG00000168542,0.02
Orphanet_2855,ENSG00000133835,0.02
Orphanet_286,ENSG00000168542,0.72
Orphanet_2869,ENSG00000118046,0.32
Orphanet_287,ENSG00000130635,0.02
Orphanet_287,ENSG00000164692,0.32
Orphanet_287,ENSG00000204262,0.32
Orphanet_288,ENSG00000163554,0.32
Orphanet_2882,ENSG00000143921,0.05
Orphanet_2884,ENSG00000157404,0.32
Orphanet_289,ENSG00000072840,0.3
Orphanet_289,ENSG00000173040,0.47000000000000003
Orphanet_289176,ENSG00000152592,0.02
Orphanet_289176,ENSG00000197594,0.32
Orphanet_289365,ENSG00000185008,0.17
Orphanet_289377,ENSG00000155657,0.32
Orphanet_289380,ENSG00000142173,0.02
Orphanet_289504,ENSG00000176715,0.32
Orphanet_289539,ENSG00000163930,0.32
Orphanet_2896,ENSG00000196628,0.47000000000000003
Orphanet_2897,ENSG00000141527,0.32
Orphanet_29,ENSG00000110921,0.32
Orphanet_2903,ENSG00000154803,0.32
Orphanet_29072,ENSG00000073578,0.32
Orphanet_29072,ENSG00000125952,0.32
Orphanet_29072,ENSG00000135956,0.47000000000000003
Orphanet_29072,ENSG00000256591,0.02
Orphanet_2924,ENSG00000025796,0.32
Orphanet_2924,ENSG00000130175,0.02
Orphanet_2929,ENSG00000107779,0.17
Orphanet_2929,ENSG00000141646,0.17
Orphanet_293165,ENSG00000096696,0.17
Orphanet_293168,ENSG00000003393,0.32
Orphanet_293355,ENSG00000146085,0.92
Orphanet_293603,ENSG00000088836,0.02
Orphanet_293955,ENSG00000196511,0.02
Orphanet_293964,ENSG00000105221,0.32
Orphanet_294023,ENSG00000151694,0.32
Orphanet_294415,ENSG00000113971,0.32
Orphanet_294415,ENSG00000160602,0.9
Orphanet_294939,ENSG00000106571,0.9
Orphanet_294963,ENSG00000117595,0.32
Orphanet_294965,ENSG00000186417,0.72
Orphanet_2953,ENSG00000083444,0.95
Orphanet_2962,ENSG00000059573,0.02
Orphanet_2966,ENSG00000126759,0.9
Orphanet_2968,ENSG00000160255,0.32
Orphanet_298,ENSG00000140521,0.32
Orphanet_2995,ENSG00000075624,0.02
Orphanet_300496,ENSG00000124155,0.9
Orphanet_300496,ENSG00000165195,0.02
Orphanet_300525,ENSG00000146021,0.32
Orphanet_300576,ENSG00000168646,0.32
Orphanet_3006,ENSG00000164904,0.17
Orphanet_300605,ENSG00000147955,0.32
Orphanet_3008,ENSG00000173599,0.02
Orphanet_302,ENSG00000141524,0.32
Orphanet_302,ENSG00000167895,0.32
Orphanet_3027,ENSG00000173218,0.32
Orphanet_303,ENSG00000114270,0.46
Orphanet_304,ENSG00000151914,0.17
Orphanet_304,ENSG00000178209,0.32
Orphanet_304,ENSG00000186081,0.02
Orphanet_306498,ENSG00000171862,0.32
Orphanet_306507,ENSG00000172037,0.17
Orphanet_306511,ENSG00000242802,0.62
Orphanet_306550,ENSG00000168040,0.02
Orphanet_306661,ENSG00000115339,0.32
Orphanet_306674,ENSG00000159363,0.02
Orphanet_307,ENSG00000022355,0.17
Orphanet_307,ENSG00000096093,0.32
Orphanet_307,ENSG00000182389,0.32
Orphanet_3071,ENSG00000174775,0.32
Orphanet_3077,ENSG00000147133,0.7000000000000001
Orphanet_308,ENSG00000139174,0.32
Orphanet_308166,ENSG00000188910,0.9
Orphanet_309015,ENSG00000175445,0.32
Orphanet_309120,ENSG00000122971,0.72
Orphanet_309162,ENSG00000049860,0.9
Orphanet_30924,ENSG00000119121,0.17
Orphanet_309297,ENSG00000141012,0.32
Orphanet_309310,ENSG00000170266,0.32
Orphanet_309324,ENSG00000119899,0.02
Orphanet_309334,ENSG00000119899,0.02
Orphanet_3097,ENSG00000184937,0.02
Orphanet_31,ENSG00000105953,0.32
Orphanet_3103,ENSG00000171320,0.9
Orphanet_3111,ENSG00000257046,0.02
Orphanet_31154,ENSG00000084674,0.32
Orphanet_313,ENSG00000092295,0.9
Orphanet_3137,ENSG00000198951,0.72
Orphanet_313808,ENSG00000182578,0.32
Orphanet_314051,ENSG00000103356,0.05
Orphanet_314381,ENSG00000151914,0.02
Orphanet_314399,ENSG00000174780,0.32
Orphanet_314597,ENSG00000121957,0.32
Orphanet_314637,ENSG00000135297,0.02
Orphanet_314811,ENSG00000112964,0.02
Orphanet_314811,ENSG00000169071,0.3
Orphanet_3152,ENSG00000134569,0.02
Orphanet_3156,ENSG00000054282,0.32
Orphanet_3156,ENSG00000110274,0.32
Orphanet_3156,ENSG00000157796,0.72
Orphanet_3156,ENSG00000173226,0.9
Orphanet_3157,ENSG00000163666,0.32
Orphanet_316240,ENSG00000129250,0.32
Orphanet_3163,ENSG00000145675,0.02
Orphanet_317425,ENSG00000253729,0.32
Orphanet_317476,ENSG00000102158,0.32
Orphanet_3175,ENSG00000004848,0.02
Orphanet_3175,ENSG00000162065,0.32
Orphanet_3175,ENSG00000186153,0.17
Orphanet_319182,ENSG00000072501,0.9
Orphanet_319182,ENSG00000118058,0.32
Orphanet_319192,ENSG00000180613,0.02
Orphanet_3193,ENSG00000049540,0.92
Orphanet_319504,ENSG00000124608,0.32
Orphanet_319519,ENSG00000145982,0.32
Orphanet_319600,ENSG00000140968,0.02
Orphanet_319640,ENSG00000007062,0.32
Orphanet_319651,ENSG00000113318,0.02
Orphanet_319671,ENSG00000174720,0.9
Orphanet_3197,ENSG00000145888,0.02
Orphanet_32,ENSG00000100983,0.32
Orphanet_320346,ENSG00000056097,0.02
Orphanet_320380,ENSG00000085788,0.02
Orphanet_3204,ENSG00000167323,0.02
Orphanet_3206,ENSG00000113594,0.33499999999999996
Orphanet_3208,ENSG00000073578,0.32
Orphanet_321,ENSG00000151348,0.32
Orphanet_3226,ENSG00000179348,0.32
Orphanet_324,ENSG00000102393,0.32
Orphanet_324422,ENSG00000101901,0.17
Orphanet_324999,ENSG00000204264,0.32
Orphanet_325,ENSG00000180210,0.72
Orphanet_3250,ENSG00000183691,0.9
Orphanet_325004,ENSG00000204264,0.33499999999999996
Orphanet_3258,ENSG00000134569,0.32
Orphanet_326,ENSG00000198734,0.05
Orphanet_3261,ENSG00000117560,0.32
Orphanet_3286,ENSG00000118729,0.02
Orphanet_3286,ENSG00000186439,0.32
Orphanet_3286,ENSG00000198626,0.32
Orphanet_329,ENSG00000088926,0.75
Orphanet_329195,ENSG00000128731,0.32
Orphanet_329224,ENSG00000175115,0.02
Orphanet_329284,ENSG00000196998,0.72
Orphanet_329303,ENSG00000184381,0.32
Orphanet_329971,ENSG00000107779,0.32
Orphanet_329971,ENSG00000141646,0.32
Orphanet_33067,ENSG00000160801,0.32
Orphanet_33069,ENSG00000143376,0.32
Orphanet_33069,ENSG00000144285,0.32
Orphanet_33108,ENSG00000138435,0.02
Orphanet_33110,ENSG00000007312,0.32
Orphanet_33110,ENSG00000095585,0.02
Orphanet_33110,ENSG00000105369,0.32
Orphanet_33110,ENSG00000145675,0.32
Orphanet_331206,ENSG00000166349,0.32
Orphanet_331206,ENSG00000175097,0.02
Orphanet_331226,ENSG00000105397,0.32
Orphanet_3322,ENSG00000118655,0.32
Orphanet_333,ENSG00000104763,0.92
Orphanet_334,ENSG00000069431,0.32
Orphanet_334,ENSG00000123700,0.32
Orphanet_334,ENSG00000130037,0.32
Orphanet_334,ENSG00000265107,0.32
Orphanet_3342,ENSG00000197496,0.32
Orphanet_335,ENSG00000171564,0.32
Orphanet_3366,ENSG00000077782,0.32
Orphanet_3388,ENSG00000173218,0.17
Orphanet_3404,ENSG00000162882,0.32
Orphanet_342,ENSG00000103313,0.32
Orphanet_3421,ENSG00000213689,0.32
Orphanet_34217,ENSG00000173801,0.17
Orphanet_343,ENSG00000110921,0.92
Orphanet_3440,ENSG00000135903,0.02
Orphanet_3449,ENSG00000140470,0.32
Orphanet_3449,ENSG00000142303,0.17
Orphanet_3449,ENSG00000166147,0.32
Orphanet_3451,ENSG00000004848,0.02
Orphanet_3451,ENSG00000136854,0.92
Orphanet_3451,ENSG00000162065,0.32
Orphanet_3451,ENSG00000186153,0.17
Orphanet_3451,ENSG00000260272,0.32
Orphanet_3451,ENSG00000273079,0.32
Orphanet_34520,ENSG00000135424,0.17
Orphanet_34528,ENSG00000138798,0.17
Orphanet_3453,ENSG00000160224,0.32
Orphanet_3454,ENSG00000126970,0.81
Orphanet_34587,ENSG00000005893,0.32
Orphanet_3460,ENSG00000087245,0.92
Orphanet_3463,ENSG00000109501,0.61
Orphanet_3464,ENSG00000115827,0.32
Orphanet_3467,ENSG00000158125,0.02
Orphanet_347,ENSG00000184937,0.17
Orphanet_348,ENSG00000165140,0.05
Orphanet_35078,ENSG00000105639,0.32
Orphanet_35078,ENSG00000166349,0.32
Orphanet_35078,ENSG00000168685,0.32
Orphanet_35078,ENSG00000175097,0.32
Orphanet_351,ENSG00000064601,0.9
Orphanet_35122,ENSG00000090402,0.02
Orphanet_35173,ENSG00000147155,0.92
Orphanet_352577,ENSG00000141431,0.91
Orphanet_352582,ENSG00000162065,0.32
Orphanet_352670,ENSG00000114450,0.32
Orphanet_353,ENSG00000102683,0.02
Orphanet_353327,ENSG00000119523,0.32
Orphanet_355,ENSG00000177628,0.92
Orphanet_356961,ENSG00000102100,0.02
Orphanet_35698,ENSG00000107815,0.02
Orphanet_35698,ENSG00000136143,0.32
Orphanet_35704,ENSG00000171766,0.02
Orphanet_357064,ENSG00000183010,0.92
Orphanet_358,ENSG00000070915,0.32
Orphanet_358,ENSG00000074803,0.3
Orphanet_358,ENSG00000087245,0.7000000000000001
Orphanet_35858,ENSG00000107611,0.17
Orphanet_35909,ENSG00000180398,0.32
Orphanet_36,ENSG00000166813,0.32
Orphanet_363396,ENSG00000184564,0.9
Orphanet_363400,ENSG00000168000,0.32
Orphanet_363424,ENSG00000181873,0.32
Orphanet_363447,ENSG00000185963,0.32
Orphanet_363454,ENSG00000185963,0.17
Orphanet_363523,ENSG00000133103,0.02
Orphanet_363543,ENSG00000175084,0.62
Orphanet_363623,ENSG00000106692,0.32
Orphanet_363623,ENSG00000173540,0.52
Orphanet_36386,ENSG00000100596,0.05
Orphanet_36386,ENSG00000130816,0.02
Orphanet_36387,ENSG00000169432,0.32
Orphanet_363972,ENSG00000110395,0.17
Orphanet_364063,ENSG00000162065,0.32
Orphanet_364063,ENSG00000186153,0.32
Orphanet_364063,ENSG00000260272,0.17
Orphanet_365,ENSG00000171298,0.32
Orphanet_366,ENSG00000162688,0.635
Orphanet_367,ENSG00000114480,0.16
Orphanet_368,ENSG00000068976,0.62
Orphanet_36899,ENSG00000127990,0.48500000000000004
Orphanet_369867,ENSG00000171680,0.17
Orphanet_369897,ENSG00000112234,0.32
Orphanet_370,ENSG00000102893,0.32
Orphanet_370022,ENSG00000101680,0.02
Orphanet_370938,ENSG00000115525,0.32
Orphanet_370959,ENSG00000009830,0.17
Orphanet_370959,ENSG00000085998,0.02
Orphanet_370959,ENSG00000130714,0.17
Orphanet_370968,ENSG00000009830,0.32
Orphanet_370968,ENSG00000133424,0.35
Orphanet_370968,ENSG00000173540,0.32
Orphanet_371428,ENSG00000087245,0.17
Orphanet_37553,ENSG00000123700,0.32
Orphanet_37612,ENSG00000111262,0.32
Orphanet_377,ENSG00000107882,0.02
Orphanet_377,ENSG00000117425,0.32
Orphanet_377,ENSG00000185920,0.185
Orphanet_379,ENSG00000051523,0.9
Orphanet_379,ENSG00000116701,0.02
Orphanet_379,ENSG00000165168,0.17
Orphanet_379,ENSG00000250349,0.02
Orphanet_382,ENSG00000130005,0.95
Orphanet_385,ENSG00000068120,0.32
Orphanet_388,ENSG00000124205,0.32
Orphanet_388,ENSG00000165731,0.32
Orphanet_388,ENSG00000168621,0.02
Orphanet_388,ENSG00000185652,0.0
Orphanet_391311,ENSG00000115415,0.9
Orphanet_391392,ENSG00000168356,0.32
Orphanet_391397,ENSG00000168356,0.32
Orphanet_391411,ENSG00000159082,0.32
Orphanet_391665,ENSG00000130164,0.92
Orphanet_392,ENSG00000092969,0.02
Orphanet_395,ENSG00000177000,0.91
Orphanet_397709,ENSG00000135317,0.72
Orphanet_397715,ENSG00000104218,0.32
Orphanet_397735,ENSG00000166986,0.02
Orphanet_397937,ENSG00000125826,0.47000000000000003
Orphanet_397968,ENSG00000109654,0.17
Orphanet_397968,ENSG00000288637,0.32
Orphanet_40,ENSG00000159899,0.32
Orphanet_401777,ENSG00000175745,0.8200000000000001
Orphanet_401859,ENSG00000121897,0.02
Orphanet_402041,ENSG00000105929,0.02
Orphanet_402041,ENSG00000116039,0.9
Orphanet_402075,ENSG00000137834,0.02
Orphanet_402075,ENSG00000148400,0.32
Orphanet_402075,ENSG00000154133,0.32
Orphanet_404437,ENSG00000172053,0.17
Orphanet_404443,ENSG00000119772,0.02
Orphanet_404454,ENSG00000151092,0.02
Orphanet_405,ENSG00000036828,0.32
Orphanet_407,ENSG00000145020,0.32
Orphanet_407,ENSG00000178445,0.51
Orphanet_41,ENSG00000160710,0.32
Orphanet_411,ENSG00000277494,0.9
Orphanet_414,ENSG00000065154,0.02
Orphanet_415,ENSG00000102743,0.32
Orphanet_417,ENSG00000036828,0.9
Orphanet_418,ENSG00000127948,0.32
Orphanet_42,ENSG00000117054,0.935
Orphanet_425,ENSG00000165029,0.32
Orphanet_42665,ENSG00000187098,0.32
Orphanet_42738,ENSG00000119535,0.02
Orphanet_42738,ENSG00000136631,0.02
Orphanet_42738,ENSG00000141349,0.32
Orphanet_42738,ENSG00000171135,0.32
Orphanet_42738,ENSG00000197561,0.17
Orphanet_428,ENSG00000036828,0.32
Orphanet_43,ENSG00000101986,0.47000000000000003
Orphanet_44,ENSG00000139197,0.17
Orphanet_44890,ENSG00000117118,0.37
Orphanet_44890,ENSG00000134853,0.02
Orphanet_44890,ENSG00000143252,0.17
Orphanet_44890,ENSG00000157404,0.32
Orphanet_44890,ENSG00000282278,0.17
Orphanet_452,ENSG00000004848,0.72
Orphanet_45358,ENSG00000139116,0.02
Orphanet_45448,ENSG00000135636,0.32
Orphanet_455,ENSG00000172867,0.32
Orphanet_46,ENSG00000239900,0.32
Orphanet_46059,ENSG00000109929,0.32
Orphanet_46348,ENSG00000169432,0.17
Orphanet_465,ENSG00000106366,0.02
Orphanet_469,ENSG00000136872,0.36000000000000004
Orphanet_470,ENSG00000155465,0.02
Orphanet_47045,ENSG00000091106,0.32
Orphanet_47045,ENSG00000162711,0.02
Orphanet_474,ENSG00000068885,0.32
Orphanet_474,ENSG00000119333,0.32
Orphanet_474,ENSG00000123607,0.32
Orphanet_474,ENSG00000138002,0.32
Orphanet_474,ENSG00000157796,0.32
Orphanet_474,ENSG00000187240,0.32
Orphanet_475,ENSG00000011143,0.32
Orphanet_475,ENSG00000046651,0.02
Orphanet_475,ENSG00000048342,0.32
Orphanet_475,ENSG00000103494,0.62
Orphanet_475,ENSG00000104218,0.32
Orphanet_475,ENSG00000106477,0.32
Orphanet_475,ENSG00000108641,0.47000000000000003
Orphanet_475,ENSG00000116745,0.02
Orphanet_475,ENSG00000119977,0.32
Orphanet_475,ENSG00000123607,0.32
Orphanet_475,ENSG00000148384,0.32
Orphanet_475,ENSG00000162144,0.32
Orphanet_475,ENSG00000164953,0.17
Orphanet_475,ENSG00000169379,0.17
Orphanet_475,ENSG00000187049,0.32
Orphanet_475,ENSG00000197603,0.32
Orphanet_475,ENSG00000198707,0.17
Orphanet_477,ENSG00000165474,0.81
Orphanet_478,ENSG00000077782,0.17
Orphanet_478,ENSG00000101292,0.32
Orphanet_478,ENSG00000171316,0.37
Orphanet_481,ENSG00000169083,0.32
Orphanet_48471,ENSG00000133392,0.02
Orphanet_48471,ENSG00000189056,0.32
Orphanet_486,ENSG00000162676,0.32
Orphanet_487,ENSG00000054983,0.92
Orphanet_49382,ENSG00000170289,0.72
Orphanet_49827,ENSG00000117479,0.32
Orphanet_5,ENSG00000084754,0.32
Orphanet_503,ENSG00000122863,0.02
Orphanet_506,ENSG00000101247,0.3
Orphanet_506,ENSG00000130414,0.32
Orphanet_506,ENSG00000138095,0.32
Orphanet_506,ENSG00000148290,0.32
Orphanet_506,ENSG00000167792,0.32
Orphanet_506,ENSG00000198727,0.02
Orphanet_506,ENSG00000198763,0.32
Orphanet_506,ENSG00000198786,0.02
Orphanet_506,ENSG00000198888,0.32
Orphanet_506,ENSG00000198899,0.02
Orphanet_506,ENSG00000198938,0.32
Orphanet_508,ENSG00000171105,0.02
Orphanet_50942,ENSG00000096696,0.7000000000000001
Orphanet_50944,ENSG00000135925,0.3
Orphanet_50945,ENSG00000160801,0.02
Orphanet_51,ENSG00000101347,0.32
Orphanet_51,ENSG00000115267,0.32
Orphanet_51,ENSG00000172922,0.02
Orphanet_51,ENSG00000213689,0.02
Orphanet_51083,ENSG00000053918,0.47000000000000003
Orphanet_511,ENSG00000083123,0.02
Orphanet_511,ENSG00000137992,0.02
Orphanet_511,ENSG00000248098,0.92
Orphanet_511,ENSG00000255730,0.05
Orphanet_512,ENSG00000100299,0.05
Orphanet_512,ENSG00000107736,0.02
Orphanet_512,ENSG00000197746,0.3
Orphanet_51208,ENSG00000142173,0.02
Orphanet_51608,ENSG00000197594,0.9
Orphanet_52,ENSG00000101384,0.17
Orphanet_524,ENSG00000141499,0.02
Orphanet_524,ENSG00000141510,0.32
Orphanet_524,ENSG00000183765,0.92
Orphanet_52430,ENSG00000122566,0.32
Orphanet_52430,ENSG00000165280,0.32
Orphanet_52503,ENSG00000130821,0.02
Orphanet_53540,ENSG00000278570,0.15
Orphanet_53693,ENSG00000074582,0.72
Orphanet_53697,ENSG00000171714,0.17
Orphanet_53698,ENSG00000092054,0.32
Orphanet_538,ENSG00000103197,0.62
Orphanet_540,ENSG00000076944,0.32
Orphanet_540,ENSG00000092929,0.05
Orphanet_540,ENSG00000180644,0.32
Orphanet_54260,ENSG00000092054,0.3
Orphanet_54260,ENSG00000118194,0.02
Orphanet_54260,ENSG00000122367,0.9
Orphanet_54260,ENSG00000134571,0.32
Orphanet_54260,ENSG00000134769,0.02
Orphanet_54260,ENSG00000142611,0.32
Orphanet_550,ENSG00000198727,0.02
Orphanet_550,ENSG00000198763,0.17
Orphanet_550,ENSG00000198786,0.32
Orphanet_550,ENSG00000198886,0.02
Orphanet_550,ENSG00000212907,0.32
Orphanet_550,ENSG00000228253,0.47000000000000003
Orphanet_551,ENSG00000198763,0.9
Orphanet_552,ENSG00000101076,0.61
Orphanet_552,ENSG00000139515,0.32
Orphanet_552,ENSG00000172059,0.32
Orphanet_552,ENSG00000187486,0.32
Orphanet_552,ENSG00000254647,0.32
Orphanet_55595,ENSG00000064419,0.17
Orphanet_55596,ENSG00000152795,0.32
Orphanet_55654,ENSG00000139679,0.9
Orphanet_55654,ENSG00000175065,0.32
Orphanet_558,ENSG00000166147,0.72
Orphanet_56,ENSG00000113924,0.17
Orphanet_561,ENSG00000008441,0.32
Orphanet_56304,ENSG00000155850,0.02
Orphanet_564,ENSG00000008710,0.0
Orphanet_564,ENSG00000011143,0.32
Orphanet_564,ENSG00000048342,0.62
Orphanet_564,ENSG00000103494,0.02
Orphanet_564,ENSG00000118762,0.9
Orphanet_564,ENSG00000140718,0.02
Orphanet_564,ENSG00000164953,0.46
Orphanet_564,ENSG00000168778,0.32
Orphanet_564,ENSG00000170927,0.0
Orphanet_564,ENSG00000187049,0.32
Orphanet_564,ENSG00000198707,0.32
Orphanet_565,ENSG00000165240,0.32
Orphanet_567,ENSG00000184058,0.32
Orphanet_569,ENSG00000018625,0.17
Orphanet_572,ENSG00000064490,0.35
Orphanet_572,ENSG00000168394,0.47000000000000003
Orphanet_572,ENSG00000179583,0.02
Orphanet_572,ENSG00000204267,0.32
Orphanet_572,ENSG00000231925,0.32
Orphanet_576,ENSG00000111670,0.32
Orphanet_577,ENSG00000111670,0.7000000000000001
Orphanet_578,ENSG00000090674,0.46
Orphanet_579,ENSG00000127415,0.32
Orphanet_58,ENSG00000131095,0.9
Orphanet_580,ENSG00000010404,0.02
Orphanet_581,ENSG00000135677,0.02
Orphanet_583,ENSG00000113273,0.32
Orphanet_586,ENSG00000001626,0.32
Orphanet_590,ENSG00000007314,0.32
Orphanet_590,ENSG00000030304,0.02
Orphanet_590,ENSG00000108556,0.31
Orphanet_590,ENSG00000115665,0.32
Orphanet_590,ENSG00000134569,0.02
Orphanet_590,ENSG00000135902,0.32
Orphanet_590,ENSG00000138078,0.32
Orphanet_590,ENSG00000138435,0.02
Orphanet_590,ENSG00000170175,0.02
Orphanet_590,ENSG00000172269,0.9
Orphanet_590,ENSG00000175920,0.92
Orphanet_590,ENSG00000188157,0.32
Orphanet_590,ENSG00000198380,0.17
Orphanet_595,ENSG00000162004,0.32
Orphanet_596,ENSG00000171100,0.02
Orphanet_598,ENSG00000196218,0.32
Orphanet_6,ENSG00000078070,0.32
Orphanet_6,ENSG00000131844,0.02
Orphanet_60,ENSG00000197249,0.05
Orphanet_60030,ENSG00000106799,0.02
Orphanet_60030,ENSG00000119699,0.32
Orphanet_60030,ENSG00000120802,0.02
Orphanet_60030,ENSG00000137834,0.32
Orphanet_60030,ENSG00000166949,0.17
Orphanet_602,ENSG00000159921,0.31
Orphanet_607,ENSG00000143549,0.52
Orphanet_607,ENSG00000143632,0.32
Orphanet_607,ENSG00000163380,0.02
Orphanet_607,ENSG00000183091,0.02
Orphanet_609,ENSG00000155657,0.02
Orphanet_61,ENSG00000104774,0.62
Orphanet_610,ENSG00000111799,0.32
Orphanet_610,ENSG00000142156,0.17
Orphanet_610,ENSG00000142173,0.32
Orphanet_610,ENSG00000163359,0.17
Orphanet_614,ENSG00000188037,0.92
Orphanet_618,ENSG00000128513,0.32
Orphanet_618,ENSG00000135446,0.17
Orphanet_628,ENSG00000155850,0.02
Orphanet_63,ENSG00000081052,0.32
Orphanet_63,ENSG00000169031,0.0
Orphanet_631,ENSG00000119878,0.9
Orphanet_63261,ENSG00000213689,0.02
Orphanet_634,ENSG00000133710,0.17
Orphanet_636,ENSG00000196712,0.32
Orphanet_637,ENSG00000186575,0.32
Orphanet_638,ENSG00000196712,0.32
Orphanet_64,ENSG00000116127,0.035
Orphanet_640,ENSG00000160789,0.3
Orphanet_642,ENSG00000198400,0.33499999999999996
Orphanet_64280,ENSG00000113327,0.02
Orphanet_643,ENSG00000261609,0.02
Orphanet_646,ENSG00000141458,0.52
Orphanet_647,ENSG00000104320,0.32
Orphanet_64739,ENSG00000170820,0.05
Orphanet_64746,ENSG00000132740,0.32
Orphanet_64746,ENSG00000133422,0.02
Orphanet_64748,ENSG00000105227,0.32
Orphanet_64749,ENSG00000104419,0.02
Orphanet_64749,ENSG00000133812,0.02
Orphanet_64749,ENSG00000139132,0.62
Orphanet_64749,ENSG00000169247,0.17
Orphanet_648,ENSG00000099949,0.92
Orphanet_648,ENSG00000100030,0.9
Orphanet_648,ENSG00000115904,0.92
Orphanet_648,ENSG00000126458,0.32
Orphanet_648,ENSG00000143622,0.92
Orphanet_65,ENSG00000042317,0.35
Orphanet_65,ENSG00000042781,0.32
Orphanet_65,ENSG00000116745,0.51
Orphanet_65,ENSG00000129221,0.9
Orphanet_65,ENSG00000132518,0.02
Orphanet_65,ENSG00000134376,0.02
Orphanet_65,ENSG00000135338,0.9
Orphanet_652,ENSG00000133895,0.32
Orphanet_65282,ENSG00000096696,0.32
Orphanet_65284,ENSG00000135917,0.32
Orphanet_653,ENSG00000165731,0.32
Orphanet_654,ENSG00000139618,0.32
Orphanet_654,ENSG00000147257,0.17
Orphanet_654,ENSG00000184937,0.32
Orphanet_655,ENSG00000103494,0.32
Orphanet_655,ENSG00000113971,0.02
Orphanet_655,ENSG00000119509,0.32
Orphanet_655,ENSG00000123607,0.32
Orphanet_655,ENSG00000131697,0.32
Orphanet_655,ENSG00000144061,0.32
Orphanet_655,ENSG00000157796,0.9
Orphanet_655,ENSG00000160602,0.17
Orphanet_655,ENSG00000196236,0.32
Orphanet_655,ENSG00000198707,0.37
Orphanet_655,ENSG00000274810,0.17
Orphanet_656,ENSG00000184937,0.32
Orphanet_657,ENSG00000006071,0.92
Orphanet_65753,ENSG00000122877,0.17
Orphanet_65753,ENSG00000158887,0.32
Orphanet_65759,ENSG00000105429,0.32
Orphanet_666,ENSG00000117385,0.32
Orphanet_666,ENSG00000157613,0.02
Orphanet_666,ENSG00000164692,0.32
Orphanet_666,ENSG00000168487,0.32
Orphanet_666,ENSG00000170275,0.17
Orphanet_66637,ENSG00000164619,0.32
Orphanet_67036,ENSG00000125741,0.02
Orphanet_67036,ENSG00000160202,0.32
Orphanet_67041,ENSG00000114378,0.02
Orphanet_67046,ENSG00000148090,0.35
Orphanet_67047,ENSG00000125741,0.02
Orphanet_672,ENSG00000106571,0.92
Orphanet_676,ENSG00000001626,0.91
Orphanet_676,ENSG00000162438,0.02
Orphanet_678,ENSG00000109861,0.47000000000000003
Orphanet_681,ENSG00000007314,0.02
Orphanet_681,ENSG00000081248,0.32
Orphanet_682,ENSG00000007314,0.17
Orphanet_68356,ENSG00000255835,0.9
Orphanet_68380,ENSG00000073578,0.32
Orphanet_68380,ENSG00000140521,0.9
Orphanet_68380,ENSG00000174173,0.9
Orphanet_68380,ENSG00000212907,0.9
Orphanet_685,ENSG00000032444,0.17
Orphanet_685,ENSG00000072121,0.32
Orphanet_685,ENSG00000104133,0.17
Orphanet_685,ENSG00000164961,0.32
Orphanet_685,ENSG00000170113,0.02
Orphanet_685,ENSG00000197912,0.32
Orphanet_685,ENSG00000198513,0.32
Orphanet_685,ENSG00000254470,0.32
Orphanet_69737,ENSG00000105991,0.02
Orphanet_70472,ENSG00000138095,0.32
Orphanet_705,ENSG00000091137,0.31
Orphanet_70595,ENSG00000107815,0.32
Orphanet_70595,ENSG00000140521,0.7000000000000001
Orphanet_709,ENSG00000187676,0.32
Orphanet_71277,ENSG00000117394,0.17
Orphanet_71278,ENSG00000135821,0.32
Orphanet_71290,ENSG00000159216,0.32
Orphanet_71517,ENSG00000105409,0.32
Orphanet_716,ENSG00000171759,0.77
Orphanet_71862,ENSG00000042781,0.32
Orphanet_71862,ENSG00000081148,0.72
Orphanet_71862,ENSG00000103494,0.32
Orphanet_71862,ENSG00000104237,0.72
Orphanet_71862,ENSG00000105618,0.72
Orphanet_71862,ENSG00000112619,0.92
Orphanet_71862,ENSG00000121207,0.32
Orphanet_71862,ENSG00000151062,0.17
Orphanet_71862,ENSG00000156313,0.72
Orphanet_71862,ENSG00000164199,0.32
Orphanet_71862,ENSG00000168263,0.32
Orphanet_71862,ENSG00000188107,0.72
Orphanet_71862,ENSG00000188419,0.92
Orphanet_71862,ENSG00000198691,0.62
Orphanet_72,ENSG00000008086,0.32
Orphanet_72,ENSG00000114062,0.9
Orphanet_726,ENSG00000140521,0.035
Orphanet_731,ENSG00000170927,0.32
Orphanet_73229,ENSG00000187498,0.02
Orphanet_73271,ENSG00000164171,0.02
Orphanet_73273,ENSG00000140443,0.32
Orphanet_733,ENSG00000132781,0.32
Orphanet_733,ENSG00000134982,0.32
Orphanet_743,ENSG00000184500,0.17
Orphanet_745,ENSG00000198734,0.32
Orphanet_750,ENSG00000105664,0.72
Orphanet_75233,ENSG00000107798,0.02
Orphanet_753,ENSG00000277893,0.02
Orphanet_75391,ENSG00000104738,0.17
Orphanet_75496,ENSG00000176022,0.02
Orphanet_755,ENSG00000138039,0.02
Orphanet_75563,ENSG00000158578,0.9
Orphanet_758,ENSG00000091262,0.5
Orphanet_75840,ENSG00000111799,0.32
Orphanet_760,ENSG00000198805,0.02
Orphanet_765,ENSG00000110435,0.02
Orphanet_766,ENSG00000143627,0.92
Orphanet_768,ENSG00000053918,0.0
Orphanet_768,ENSG00000055118,0.0
Orphanet_768,ENSG00000123700,0.0
Orphanet_768,ENSG00000127914,0.17
Orphanet_768,ENSG00000145362,0.32
Orphanet_768,ENSG00000180509,0.02
Orphanet_768,ENSG00000183873,0.02
Orphanet_769,ENSG00000171105,0.32
Orphanet_77,ENSG00000007372,0.9
Orphanet_77258,ENSG00000104447,0.9
Orphanet_77259,ENSG00000177628,0.92
Orphanet_77292,ENSG00000166311,0.92
Orphanet_77293,ENSG00000166311,0.72
Orphanet_77297,ENSG00000101577,0.32
Orphanet_77298,ENSG00000181449,0.92
Orphanet_774,ENSG00000106991,0.32
Orphanet_774,ENSG00000139567,0.02
Orphanet_774,ENSG00000141646,0.32
Orphanet_776,ENSG00000188706,0.02
Orphanet_777,ENSG00000004848,0.05
Orphanet_778,ENSG00000169057,0.91
Orphanet_782,ENSG00000164093,0.17
Orphanet_783,ENSG00000005339,0.9
Orphanet_790,ENSG00000139687,0.02
Orphanet_791,ENSG00000042781,0.7000000000000001
Orphanet_791,ENSG00000070729,0.32
Orphanet_791,ENSG00000081148,0.32
Orphanet_791,ENSG00000102001,0.7000000000000001
Orphanet_791,ENSG00000112041,0.32
Orphanet_791,ENSG00000115232,0.32
Orphanet_791,ENSG00000116745,0.02
Orphanet_791,ENSG00000117682,0.17
Orphanet_791,ENSG00000129221,0.32
Orphanet_791,ENSG00000133256,0.32
Orphanet_791,ENSG00000134376,0.47000000000000003
Orphanet_791,ENSG00000138002,0.02
Orphanet_791,ENSG00000139988,0.9
Orphanet_791,ENSG00000144028,0.02
Orphanet_791,ENSG00000153208,0.02
Orphanet_791,ENSG00000156313,0.51
Orphanet_791,ENSG00000163914,0.32
Orphanet_791,ENSG00000164610,0.02
Orphanet_791,ENSG00000165102,0.17
Orphanet_791,ENSG00000165533,0.32
Orphanet_791,ENSG00000179270,0.32
Orphanet_791,ENSG00000186765,0.02
Orphanet_791,ENSG00000188107,0.31
Orphanet_791,ENSG00000197579,0.32
Orphanet_791,ENSG00000198515,0.92
Orphanet_79101,ENSG00000159423,0.02
Orphanet_79107,ENSG00000075624,0.02
Orphanet_79113,ENSG00000108883,0.7000000000000001
Orphanet_79124,ENSG00000135899,0.32
Orphanet_79152,ENSG00000110921,0.02
Orphanet_79172,ENSG00000130005,0.52
Orphanet_79189,ENSG00000108733,0.8200000000000001
Orphanet_79189,ENSG00000157911,0.62
Orphanet_79189,ENSG00000215193,0.32
Orphanet_79201,ENSG00000044446,0.9
Orphanet_79201,ENSG00000114480,0.02
Orphanet_79201,ENSG00000131482,0.95
Orphanet_79201,ENSG00000152556,0.32
Orphanet_79213,ENSG00000113273,0.185
Orphanet_79234,ENSG00000288705,0.02
Orphanet_79237,ENSG00000108479,0.95
Orphanet_79239,ENSG00000213930,0.32
Orphanet_79239,ENSG00000258728,0.02
Orphanet_79240,ENSG00000102893,0.32
Orphanet_79241,ENSG00000169814,0.9
Orphanet_79242,ENSG00000159267,0.17
Orphanet_79243,ENSG00000131828,0.9
Orphanet_79244,ENSG00000150768,0.05
Orphanet_79255,ENSG00000170266,0.7000000000000001
Orphanet_79258,ENSG00000131482,0.52
Orphanet_79259,ENSG00000137700,0.05
Orphanet_79259,ENSG00000196655,0.32
Orphanet_79269,ENSG00000181523,0.32
Orphanet_79270,ENSG00000108784,0.02
Orphanet_79271,ENSG00000165102,0.02
Orphanet_79276,ENSG00000256269,0.32
Orphanet_79280,ENSG00000198951,0.02
Orphanet_79281,ENSG00000198951,0.47000000000000003
Orphanet_79282,ENSG00000132763,0.17
Orphanet_79284,ENSG00000168216,0.62
Orphanet_79299,ENSG00000106633,0.32
Orphanet_79319,ENSG00000178802,0.95
Orphanet_79328,ENSG00000086848,0.02
Orphanet_79329,ENSG00000165502,0.32
Orphanet_79351,ENSG00000092621,0.32
Orphanet_79401,ENSG00000178209,0.02
Orphanet_79403,ENSG00000091409,0.02
Orphanet_79403,ENSG00000132470,0.32
Orphanet_79403,ENSG00000178209,0.32
Orphanet_79404,ENSG00000058085,0.02
Orphanet_79404,ENSG00000196878,0.52
Orphanet_79409,ENSG00000114270,0.3
Orphanet_79430,ENSG00000100099,0.32
Orphanet_79430,ENSG00000107521,0.32
Orphanet_79430,ENSG00000132842,0.32
Orphanet_79430,ENSG00000163755,0.32
Orphanet_79432,ENSG00000104044,0.32
Orphanet_79435,ENSG00000164175,0.92
Orphanet_79445,ENSG00000087460,0.9
Orphanet_79452,ENSG00000037280,0.9
Orphanet_79477,ENSG00000069974,0.02
Orphanet_79493,ENSG00000083799,0.02
Orphanet_796,ENSG00000049860,0.92
Orphanet_800,ENSG00000142798,0.32
Orphanet_805,ENSG00000103197,0.02
Orphanet_805,ENSG00000165699,0.32
Orphanet_808,ENSG00000103995,0.32
Orphanet_808,ENSG00000175054,0.32
Orphanet_818,ENSG00000172893,0.185
Orphanet_82,ENSG00000117601,0.9
Orphanet_821,ENSG00000165671,0.62
Orphanet_822,ENSG00000004939,0.62
Orphanet_822,ENSG00000029534,0.32
Orphanet_827,ENSG00000007062,0.32
Orphanet_827,ENSG00000170289,0.32
Orphanet_827,ENSG00000198691,0.47000000000000003
Orphanet_828,ENSG00000204248,0.32
Orphanet_833,ENSG00000164172,0.32
Orphanet_833,ENSG00000171723,0.32
Orphanet_83454,ENSG00000174842,0.32
Orphanet_83461,ENSG00000186790,0.02
Orphanet_83473,ENSG00000118971,0.32
Orphanet_83629,ENSG00000156709,0.9
Orphanet_839,ENSG00000161270,0.72
Orphanet_84,ENSG00000108384,0.32
Orphanet_84,ENSG00000136492,0.32
Orphanet_84,ENSG00000139618,0.92
Orphanet_84,ENSG00000140525,0.02
Orphanet_84,ENSG00000144554,0.32
Orphanet_84,ENSG00000158169,0.02
Orphanet_84,ENSG00000158805,0.32
Orphanet_84,ENSG00000175595,0.92
Orphanet_84,ENSG00000183161,0.02
Orphanet_84,ENSG00000187741,0.02
Orphanet_84,ENSG00000187790,0.32
Orphanet_84,ENSG00000188827,0.32
Orphanet_84,ENSG00000221829,0.02
Orphanet_84064,ENSG00000204351,0.02
Orphanet_845,ENSG00000196743,0.32
Orphanet_847,ENSG00000085224,0.3
Orphanet_848,ENSG00000244734,0.835
Orphanet_849,ENSG00000005961,0.02
Orphanet_85136,ENSG00000026297,0.02
Orphanet_85163,ENSG00000122591,0.32
Orphanet_85173,ENSG00000129757,0.92
Orphanet_85195,ENSG00000141655,0.92
Orphanet_852,ENSG00000015285,0.92
Orphanet_85201,ENSG00000156650,0.32
Orphanet_85294,ENSG00000008056,0.02
Orphanet_85448,ENSG00000148180,0.02
Orphanet_85451,ENSG00000118271,0.95
Orphanet_859,ENSG00000185339,0.32
Orphanet_860,ENSG00000123066,0.92
Orphanet_861,ENSG00000070814,0.02
Orphanet_86309,ENSG00000172269,0.32
Orphanet_86813,ENSG00000196189,0.92
Orphanet_86814,ENSG00000184144,0.17
Orphanet_871,ENSG00000130529,0.32
Orphanet_871,ENSG00000197616,0.32
Orphanet_87503,ENSG00000126233,0.02
Orphanet_882,ENSG00000103876,0.185
Orphanet_886,ENSG00000042781,0.97
Orphanet_886,ENSG00000107736,0.31
Orphanet_886,ENSG00000137474,0.3
Orphanet_886,ENSG00000150275,0.17
Orphanet_886,ENSG00000164199,0.32
Orphanet_886,ENSG00000170445,0.02
Orphanet_88616,ENSG00000047621,0.95
Orphanet_88616,ENSG00000110060,0.72
Orphanet_88616,ENSG00000134759,0.72
Orphanet_88616,ENSG00000164099,0.32
Orphanet_88616,ENSG00000174227,0.02
Orphanet_88619,ENSG00000153201,0.32
Orphanet_88619,ENSG00000157184,0.32
Orphanet_88628,ENSG00000198691,0.02
Orphanet_88632,ENSG00000130508,0.32
Orphanet_88632,ENSG00000164093,0.9
Orphanet_88632,ENSG00000186790,0.02
Orphanet_88642,ENSG00000169432,0.32
Orphanet_88644,ENSG00000131018,0.02
Orphanet_88661,ENSG00000137674,0.32
Orphanet_88661,ENSG00000166415,0.32
Orphanet_88917,ENSG00000188153,0.9
Orphanet_88918,ENSG00000081052,0.8
Orphanet_88919,ENSG00000081052,0.8
Orphanet_88919,ENSG00000169031,0.72
Orphanet_88939,ENSG00000126562,0.17
Orphanet_88940,ENSG00000060237,0.32
Orphanet_891,ENSG00000174804,0.02
Orphanet_891,ENSG00000175220,0.3
Orphanet_892,ENSG00000134086,0.52
Orphanet_893,ENSG00000184937,0.32
Orphanet_89840,ENSG00000058085,0.32
Orphanet_89840,ENSG00000196878,0.17
Orphanet_89844,ENSG00000189056,0.17
Orphanet_899,ENSG00000085998,0.9
Orphanet_899,ENSG00000133424,0.32
Orphanet_899,ENSG00000144647,0.02
Orphanet_899,ENSG00000162885,0.32
Orphanet_899,ENSG00000173402,0.02
Orphanet_899,ENSG00000173540,0.32
Orphanet_89937,ENSG00000118972,0.02
Orphanet_90,ENSG00000118520,0.02
Orphanet_90025,ENSG00000152661,0.32
Orphanet_90042,ENSG00000116016,0.02
Orphanet_90042,ENSG00000134086,0.92
Orphanet_90042,ENSG00000135766,0.32
Orphanet_90042,ENSG00000188536,0.02
Orphanet_90045,ENSG00000004139,0.32
Orphanet_90045,ENSG00000076351,0.32
Orphanet_902,ENSG00000165392,0.32
Orphanet_903,ENSG00000110799,0.32
Orphanet_90309,ENSG00000164692,0.02
Orphanet_90340,ENSG00000167207,0.02
Orphanet_90348,ENSG00000049540,0.32
Orphanet_90349,ENSG00000172638,0.32
Orphanet_90354,ENSG00000138738,0.9
Orphanet_904,ENSG00000049540,0.32
Orphanet_905,ENSG00000123191,0.32
Orphanet_906,ENSG00000015285,0.32
Orphanet_906,ENSG00000115935,0.32
Orphanet_90635,ENSG00000126778,0.92
Orphanet_90635,ENSG00000179520,0.32
Orphanet_90636,ENSG00000091137,0.7
Orphanet_90636,ENSG00000121742,0.32
Orphanet_90636,ENSG00000139304,0.7000000000000001
Orphanet_90636,ENSG00000152939,0.7000000000000001
Orphanet_90636,ENSG00000165474,0.185
Orphanet_90636,ENSG00000165899,0.72
Orphanet_90636,ENSG00000168269,0.32
Orphanet_90647,ENSG00000053918,0.02
Orphanet_90652,ENSG00000196924,0.02
Orphanet_909,ENSG00000135929,0.02
Orphanet_910,ENSG00000104892,0.32
Orphanet_910,ENSG00000175595,0.32
Orphanet_91024,ENSG00000116688,0.92
Orphanet_91130,ENSG00000075415,0.02
Orphanet_912,ENSG00000121680,0.32
Orphanet_912,ENSG00000124587,0.5
Orphanet_912,ENSG00000127980,0.32
Orphanet_912,ENSG00000139197,0.02
Orphanet_912,ENSG00000157911,0.9
Orphanet_912,ENSG00000162735,0.02
Orphanet_91387,ENSG00000065534,0.17
Orphanet_91387,ENSG00000072864,0.05
Orphanet_91387,ENSG00000107796,0.32
Orphanet_91387,ENSG00000133392,0.02
Orphanet_91387,ENSG00000185532,0.02
Orphanet_91387,ENSG00000197614,0.92
Orphanet_91483,ENSG00000164093,0.32
Orphanet_91492,ENSG00000100122,0.32
Orphanet_91492,ENSG00000108255,0.02
Orphanet_91492,ENSG00000111846,0.32
Orphanet_91492,ENSG00000121743,0.47000000000000003
Orphanet_91492,ENSG00000135722,0.32
Orphanet_91492,ENSG00000142627,0.32
Orphanet_91492,ENSG00000163820,0.32
Orphanet_91492,ENSG00000184302,0.92
Orphanet_93,ENSG00000038002,0.635
Orphanet_93111,ENSG00000275410,0.92
Orphanet_93160,ENSG00000111424,0.32
Orphanet_93173,ENSG00000159640,0.02
Orphanet_93269,ENSG00000118965,0.32
Orphanet_93269,ENSG00000137601,0.05
Orphanet_93269,ENSG00000187240,0.32
Orphanet_93271,ENSG00000118965,0.46
Orphanet_93271,ENSG00000126870,0.02
Orphanet_93283,ENSG00000157766,0.32
Orphanet_93298,ENSG00000155850,0.32
Orphanet_93299,ENSG00000100815,0.19999999999999998
Orphanet_93307,ENSG00000155850,0.02
Orphanet_93311,ENSG00000132031,0.32
Orphanet_93334,ENSG00000106012,0.9
Orphanet_93347,ENSG00000159884,0.17
Orphanet_93388,ENSG00000125965,0.02
Orphanet_93388,ENSG00000138696,0.02
Orphanet_93388,ENSG00000163501,0.32
Orphanet_93426,ENSG00000100578,0.32
Orphanet_93473,ENSG00000145217,0.02
Orphanet_93476,ENSG00000127415,0.02
Orphanet_93591,ENSG00000119509,0.02
Orphanet_93591,ENSG00000165138,0.185
Orphanet_93598,ENSG00000172482,0.72
Orphanet_93600,ENSG00000241935,0.3
Orphanet_93604,ENSG00000151704,0.32
Orphanet_93607,ENSG00000080493,0.32
Orphanet_93608,ENSG00000004939,0.32
Orphanet_93622,ENSG00000171365,0.32
Orphanet_93975,ENSG00000085224,0.32
Orphanet_94122,ENSG00000167654,0.32
Orphanet_94124,ENSG00000107290,0.32
Orphanet_943,ENSG00000103150,0.32
Orphanet_950,ENSG00000113448,0.02
Orphanet_952,ENSG00000072840,0.02
Orphanet_952,ENSG00000173040,0.02
Orphanet_95494,ENSG00000121454,0.32
Orphanet_955,ENSG00000134250,0.92
Orphanet_95699,ENSG00000127948,0.02
Orphanet_95702,ENSG00000169297,0.9
Orphanet_95716,ENSG00000042832,0.32
Orphanet_95716,ENSG00000140279,0.32
Orphanet_96169,ENSG00000120071,0.17
Orphanet_96210,ENSG00000042781,0.9
Orphanet_96210,ENSG00000091137,0.92
Orphanet_96210,ENSG00000109501,0.32
Orphanet_96210,ENSG00000137474,0.72
Orphanet_96210,ENSG00000155719,0.8200000000000001
Orphanet_96210,ENSG00000242866,0.72
Orphanet_968,ENSG00000125965,0.32
Orphanet_97,ENSG00000111262,0.32
Orphanet_97,ENSG00000141837,0.02
Orphanet_97,ENSG00000182389,0.32
Orphanet_970,ENSG00000060237,0.32
Orphanet_970,ENSG00000130294,0.17
Orphanet_970,ENSG00000169432,0.32
Orphanet_97120,ENSG00000196091,0.02
Orphanet_97229,ENSG00000101276,0.47000000000000003
Orphanet_97229,ENSG00000185803,0.32
Orphanet_97234,ENSG00000164708,0.05
Orphanet_97242,ENSG00000162430,0.32
Orphanet_97360,ENSG00000169071,0.32
Orphanet_974,ENSG00000148400,0.32
Orphanet_976,ENSG00000198931,0.9
Orphanet_98,ENSG00000102683,0.02
Orphanet_98,ENSG00000151835,0.8200000000000001
Orphanet_98259,ENSG00000173575,0.46
Orphanet_98261,ENSG00000112425,0.32
Orphanet_98261,ENSG00000129159,0.17
Orphanet_98261,ENSG00000138760,0.32
Orphanet_98261,ENSG00000152784,0.17
Orphanet_98261,ENSG00000163637,0.32
Orphanet_98261,ENSG00000176619,0.02
Orphanet_98261,ENSG00000223802,0.32
Orphanet_98267,ENSG00000174697,0.32
Orphanet_98434,ENSG00000115486,0.17
Orphanet_98555,ENSG00000068078,0.02
Orphanet_98555,ENSG00000137868,0.92
Orphanet_98555,ENSG00000165588,0.32
Orphanet_98555,ENSG00000174938,0.02
Orphanet_98555,ENSG00000184302,0.32
Orphanet_98578,ENSG00000228253,0.7000000000000001
Orphanet_98668,ENSG00000038427,0.02
Orphanet_98758,ENSG00000141837,0.02
Orphanet_98766,ENSG00000173898,0.02
Orphanet_98772,ENSG00000171385,0.32
Orphanet_98784,ENSG00000101204,0.02
Orphanet_98784,ENSG00000107147,0.32
Orphanet_98784,ENSG00000120903,0.02
Orphanet_98809,ENSG00000167371,0.32
Orphanet_98810,ENSG00000127838,0.02
Orphanet_98813,ENSG00000100906,0.05
Orphanet_98819,ENSG00000108231,0.32
Orphanet_98820,ENSG00000100150,0.32
Orphanet_98820,ENSG00000103148,0.17
Orphanet_98820,ENSG00000285404,0.92
Orphanet_98853,ENSG00000131018,0.32
Orphanet_98869,ENSG00000021826,0.32
Orphanet_98869,ENSG00000140326,0.035
Orphanet_98873,ENSG00000101310,0.02
Orphanet_98878,ENSG00000185010,0.9
Orphanet_98879,ENSG00000101981,0.9
Orphanet_98879,ENSG00000185010,0.32
Orphanet_98892,ENSG00000049759,0.72
Orphanet_98892,ENSG00000196924,0.32
Orphanet_98895,ENSG00000198947,0.7000000000000001
Orphanet_98896,ENSG00000198947,0.32
Orphanet_98905,ENSG00000196218,0.32
Orphanet_98908,ENSG00000177666,0.635
Orphanet_98909,ENSG00000175084,0.32
Orphanet_98911,ENSG00000120729,0.05
Orphanet_98912,ENSG00000122367,0.17
Orphanet_98912,ENSG00000155657,0.02
Orphanet_98915,ENSG00000206561,0.32
Orphanet_98920,ENSG00000132740,0.32
Orphanet_98920,ENSG00000135924,0.32
Orphanet_98920,ENSG00000145794,0.32
Orphanet_98938,ENSG00000119614,0.02
Orphanet_98938,ENSG00000156466,0.02
Orphanet_98957,ENSG00000184292,0.32
Orphanet_98969,ENSG00000183196,0.32
Orphanet_98970,ENSG00000145476,0.32
Orphanet_98976,ENSG00000119681,0.32
Orphanet_98976,ENSG00000138061,0.92
Orphanet_98991,ENSG00000163820,0.02
Orphanet_98992,ENSG00000163820,0.32
Orphanet_98993,ENSG00000109846,0.9
Orphanet_98995,ENSG00000163820,0.32
Orphanet_99,ENSG00000141385,0.02
Orphanet_99,ENSG00000150995,0.02
Orphanet_99,ENSG00000197102,0.02
Orphanet_99000,ENSG00000112619,0.9
Orphanet_99013,ENSG00000198910,0.9
Orphanet_994,ENSG00000030304,0.32
Orphanet_994,ENSG00000165917,0.32
Orphanet_994,ENSG00000175920,0.17
Orphanet_994,ENSG00000196218,0.72
Orphanet_99739,ENSG00000077522,0.46
Orphanet_99739,ENSG00000092054,0.01
Orphanet_99739,ENSG00000101306,0.02
Orphanet_99739,ENSG00000106617,0.32
Orphanet_99739,ENSG00000111245,0.32
Orphanet_99739,ENSG00000114854,0.02
Orphanet_99739,ENSG00000129170,0.32
Orphanet_99739,ENSG00000129991,0.3
Orphanet_99739,ENSG00000134571,0.52
Orphanet_99739,ENSG00000155657,0.32
Orphanet_99739,ENSG00000159251,0.32
Orphanet_99739,ENSG00000162614,0.32
Orphanet_99739,ENSG00000166333,0.02
Orphanet_99739,ENSG00000197616,0.32
Orphanet_99739,ENSG00000269058,0.05
Orphanet_99749,ENSG00000143575,0.32
Orphanet_99796,ENSG00000077279,0.9
Orphanet_99803,ENSG00000109132,0.17
Orphanet_99843,ENSG00000181830,0.5349999999999999
Orphanet_99845,ENSG00000134324,0.02
Orphanet_99875,ENSG00000108821,0.32
Orphanet_99875,ENSG00000130635,0.02
Orphanet_99885,ENSG00000006071,0.32
Orphanet_99885,ENSG00000106633,0.32
Orphanet_99886,ENSG00000187486,0.32
Orphanet_99886,ENSG00000204644,0.02
Orphanet_99936,ENSG00000075785,0.17
Orphanet_99937,ENSG00000111199,0.32
Orphanet_99949,ENSG00000169247,0.32
Orphanet_99951,ENSG00000158887,0.32
Orphanet_99952,ENSG00000105227,0.32
Orphanet_99961,ENSG00000073734,0.02
